Website,Country,Studio,Publisher,PC,Mobile,VR,VR only,Console,Browser games,Launched products,Revenue,Selling from a website,Distribution platform,Payment gateway or service (for direct selling websites),Project scale assessment,Simplified classification of studios,Publisher + producing its games,Custom games + studio’s own games,Making the first game,Possibly out of business
10tons.com/,Finland,10tons,?,X,X,?,?,?,?,44,?,?,X,?,4,B,?,?,?,?
11bitstudios.com/,Poland,11 bit studios,11 bit studios,X,X,?,?,X,?,12,?,?,X,?,9,A,X,?,?,?
1939games.com/,Iceland,1939 Games,?,X,?,?,?,?,?,1,?,?,X,?,7,B,?,?,?,?
1button.co/,France,1Button,?,?,X,?,?,?,?,18,?,?,-,?,-,-,?,?,?,?
1c.games/ru/,Russia,1C Games,1C,X,?,?,?,X,?,20,?,?,X,?,13,A,?,?,?,?
1ccgames.com/,UK,1CC Games,Black Shell Media,X,?,?,?,X,?,4,?,?,X,?,1,C,?,?,?,?
22cans.com/,UK,22cans,?,X,X,?,?,?,?,3,?,?,X,?,4,B,?,?,?,?
2play.se/,Sweden,2Play Studios,?,X,?,?,?,?,?,2,?,?,X,?,2,C,?,?,?,?
2zombie.com/,Russia,2 Zombie Games,?,X,X,?,?,X,?,2,?,?,X,?,2,C,?,?,?,?
34bigthings.com/,Italy,34 Big Things,34 Big Things,X,?,?,?,?,?,8,?,X,X,humblebundle.com/,5,B,X,?,?,?
3d2entertainment.com/,Spain,3D2Entertainment,?,X,?,?,?,?,?,2,?,?,X,?,4,B,?,?,?,?
3dclouds.it/,Italy,3DClouds,?,X,?,?,?,?,?,4,?,?,X,?,4,B,?,?,?,?
3division.net/newweb/index.html,Slovenia,3division,?,X,?,?,?,?,?,9,?,?,X,?,5,B,?,?,?,?
3heroesstudio.com/,Serbia,3 heroes studio,?,?,X,?,?,?,?,2,?,?,-,?,-,-,?,?,?,X
3rdeyestudios.fi/#home-section,Finland,3rd eye studios,?,X,?,X,?,?,?,1,?,?,X,?,4,B,?,?,?,?
4a-games.com/,Ukraine,4A Games,?,X,?,?,?,X,?,5,?,?,X,?,9,A,?,?,?,?
4bitgames.com/,Norway,4Bit Games,?,X,?,?,?,X,?,3,?,?,X,?,2,C,?,?,?,?
4flash0.webnode.hu/,Hungary,4Flash Interactive,?,?,X,?,?,?,?,4,?,?,-,?,-,-,?,?,?,?
4ilab.io/,Belarus,4ilab,?,X,?,X,X,?,?,4,?,?,X,?,4,B,?,?,?,?
5thplanetgames.com/,Denmark,5th Planet Games,?,?,X,?,?,?,?,5,?,?,-,?,-,-,?,?,?,?
9thimpact.com/,Ireland,9th Impact,?,?,X,?,?,?,?,5,?,?,-,?,-,-,?,?,?,?
a2zinteractive.net/,UK,a2z Interactive,?,X,?,?,?,?,?,1,?,?,X,?,4,B,?,?,?,?
abandonshipgame.com/,UK,Fireblade Software,?,X,?,?,?,?,?,1,?,?,X,?,4,B,?,?,?,?
abbeygames.com/,Netherlands,Abbey Games,?,X,?,?,?,?,?,3,?,?,X,?,4,B,?,?,?,?
abinteractive.net/,Germany,Alpha Blend Interactive,?,X,?,X,X,?,?,1,?,?,X,?,4,B,?,?,?,?
ablemagic.no/,Norway,Ablemagic,?,?,X,?,?,?,?,18,?,?,-,?,-,-,?,?,?,?
about-fun.com/home,Czech Republic,About fun,?,?,X,?,?,?,?,8,?,?,-,?,-,-,?,?,?,?
abrakam.com/,Belgium,Abrakam,?,X,?,?,?,?,?,1,?,?,X,?,4,B,?,?,?,?
abramelingames.com/,Spain,Abramelin Games,?,X,?,?,?,X,?,1,?,?,X,?,4,B,?,?,?,?
abraveplan.com/,UK,A Brave Plan,Bossa Studios,X,?,?,?,?,?,1,?,?,X,?,4,B,?,?,?,?
absolutist.ru/,Ukraine,Absolutist,?,X,X,?,?,?,?,55,?,X,X,payonline.ru/,3,C,?,?,?,?
absolutsoft.com/,Russia,AbsolutSoft,?,X,?,?,?,?,?,1,?,?,X,?,4,B,?,?,?,?
abstraction.games/,Netherlands,Abstraction,?,X,X,?,?,X,?,11,?,?,X,?,9,A,?,X,?,?
abylight.com/games/,Spain,Abylight Studio,?,?,X,?,?,?,?,38,?,?,-,?,-,-,?,?,?,?
abyteentertainment.com/,Italy,Abyte Entertainment,?,X,X,?,?,?,?,1,?,?,X,?,2,C,?,?,?,?
accidentalqueens.com/,France,Accidental Queens,?,X,?,?,?,?,?,3,?,X,X,itch.io/,1,C,?,?,?,?
acemaddox.com/,Sweden,Ace Maddox,?,X,?,?,?,X,?,1,?,?,X,?,4,B,?,?,?,?
aceviral.com/,UK,Aceviral,?,?,X,?,?,?,?,29,?,?,-,?,-,-,?,?,?,?
acidnerve.com/,UK,Acid Nerve,?,X,X,?,?,?,?,4,?,?,X,?,4,B,?,?,?,?
acidwizardstudio.com/,Poland,Acid Wizard Studio,?,X,?,?,?,X,?,1,?,?,X,?,4,B,?,?,?,?
ackehallgren.com/,Sweden,Acke Hallgren Games,?,X,?,?,?,?,?,1,?,?,X,?,2,C,?,?,?,?
acrylec.com/,Denmark,Acrylec Studios,?,X,?,?,?,?,?,1,?,?,X,?,2,C,?,?,?,?
actalogic.com/,Slovenia,Actalogic,?,X,?,?,?,?,?,16,?,?,X,?,6,B,?,?,?,?
actionreaction.games/,Finland,Action reaction games,?,?,X,?,?,?,?,1,?,?,-,?,-,-,?,?,?,?
actionsquadstudios.com/,Finland,Action Squad Studios,Daedalic Entertainment,X,?,?,?,?,?,1,?,?,X,?,8,A,?,?,?,?
actnormalgames.com/,Finland,Act Normal Games,?,X,?,?,?,?,?,1,?,?,X,?,4,B,?,?,X,?
acucalypse.com/,Spain,Trifulca,?,X,?,?,?,?,?,1,?,?,X,?,2,C,?,?,?,?
addictive247.com/,UK,Addictive 247,?,X,X,?,?,?,?,11,?,?,X,?,3,C,?,?,?,?
addinspiration.com/,Finland,Add Inspiration,?,?,X,?,?,?,?,4,?,?,-,?,-,-,?,?,?,?
adictiz.com/fr/,France,Adictiz,?,?,X,?,?,?,?,59,?,?,-,?,-,-,?,?,?,?
adoregames.com/,UK,AdoreGames,?,?,X,?,?,?,?,2,?,?,-,?,-,-,?,X,?,?
adrovgames.com/,Russia,AdroVGames,?,X,?,?,?,?,?,2,?,?,X,?,2,C,?,?,?,?
advenworks.com/,France,Advenworks,?,?,X,?,?,?,?,6,?,?,-,?,-,-,?,?,?,?
aegongames.com/,UK,Aegon Games,?,X,?,?,?,?,?,4,?,?,X,?,4,B,?,?,?,?
aeonofsands.com/,Germany,Two Bits Kid,?,X,?,?,?,?,?,1,?,?,X,?,4,B,?,?,?,?
aesir-interactive.com/,Germany,Aesir Interactive GmbH,?,X,?,X,?,X,?,7,?,?,X,?,5,B,?,?,?,?
agens.no/,Norway,Agens,?,?,X,?,?,?,?,4,?,?,-,?,-,-,?,?,?,?
agensgames.com/,Norway,Agens games,?,?,X,?,?,?,?,10,?,?,-,?,-,-,?,?,?,?
ageod.com/,France,Ageod,Slitherine,X,?,?,?,?,?,10,?,O,X,slitherine.com/,9,A,?,?,?,?
agger-interactive.de/2019/e-index.htm,Germany,Agger Interactive,?,X,?,?,?,?,?,4,?,X,X,paypal.com/,2,C,?,?,?,?
aghartastudio.com/,France,Agharta Studio,?,X,?,X,?,?,?,4,?,?,X,?,4,B,?,?,?,?
ai-interactive.net/,Bosnia and Herzegovina,AI Interactive,?,?,X,?,?,?,?,5,?,?,-,?,-,-,?,?,?,?
aifactory.co.uk/,UK,AI Factory,?,?,X,?,?,?,?,31,?,?,-,?,-,-,?,?,?,?
akaonistudio.com/en/games.html,Spain,Akaoni Studio,?,?,X,?,?,?,?,2,?,?,-,?,-,-,?,?,?,?
aksweb.ru/,Russia,AK Studio,?,X,X,?,?,?,?,4,?,?,X,?,2,C,?,?,?,?
alanzucconi.com/,UK,Alan Zucconi,?,X,?,?,?,X,?,4,?,?,X,?,2,C,?,?,?,?
albiononline.com/ru/home,Germany,Sandbox Interactive,?,X,X,?,?,?,?,1,?,?,X,?,11,A,?,?,?,?
aldagames.com/,Czech Republic,Alda games,?,X,X,?,?,?,?,9,?,?,X,?,3,C,?,?,?,?
aldin.io/,Iceland,Aldin Dynamics,?,X,?,X,X,?,?,1,?,?,X,?,4,B,?,?,?,?
alersteam.com/blog/,Russia,AlersTeam,GrabTheGames,X,?,?,?,?,?,1,?,?,X,?,4,B,?,?,?,?
aliasworlds.com/,Belarus,Aliasworlds,?,X,X,?,?,?,?,29,$282.5K,O,X,bigfishgames.com/,3,C,?,?,?,?
alienpixelstudios.com/#1,Romania,Alien Pixel Studios,?,X,?,?,?,?,?,3,?,?,X,?,4,B,?,?,?,?
alightinchorus.com/,UK,Broken Fence Games,?,X,?,?,?,?,?,1,?,?,X,?,2,C,?,?,X,?
alkamegames.com/,Turkey,AlkameGames,?,X,X,X,?,?,?,11,?,?,X,?,3,C,?,?,?,?
alkemi-games.com/,France,Alkemi,?,X,?,?,?,?,?,2,?,?,X,?,2,C,?,?,?,?
all-those-moments.com/,Poland,All Those Moments,Ultimate Games S.A.,X,?,?,?,?,?,3,?,?,X,?,2,C,?,?,?,?
almostgamestudio.com/,France,Almost Games Studio,Plug In Digital,X,?,?,?,?,?,2,?,?,X,?,4,B,?,?,?,?
alphastrikegames.com/,UK,Alpha Strike Games,?,X,X,?,?,?,?,1,?,?,X,?,2,C,?,?,?,X
alpixelgames.com/,Spain,AlPixel Games,?,X,?,?,?,?,?,2,?,?,X,?,2,C,?,?,?,?
altar.games/ru/,Russia,ALTAR Games,?,X,?,?,?,?,?,1,?,?,X,?,4,B,?,?,X,?
alteredmatter.com/,Spain,Altered Matter,Akupara Games,X,?,?,?,X,?,1,?,X,X,humblebundle.com/,4,B,?,?,?,?
alternativa.games/,Russia,Alternativ Games,?,X,X,?,?,?,?,4,?,?,X,?,5,B,?,?,?,?
alternativesoftware.com/,UK,Alternative Software,Alternative Software,X,X,?,?,X,?,20,?,X,X,paypal.com/,6,B,X,?,?,?
altfuture.gg/,Serbia,Altfuture,?,X,?,X,?,?,?,2,?,?,X,?,4,B,?,?,?,?
amanita-design.net/,Czech Republic,Amanita Design,?,X,X,?,?,?,?,11,?,?,X,?,3,C,?,?,?,?
ambidexter.io/,Russia,Ambidexter,?,?,X,?,?,?,?,2,?,?,-,?,-,-,?,?,?,X
ambieragames.com/,Austria,Ambiera,?,X,?,?,?,?,?,4,?,?,X,?,4,B,?,?,?,?
amplify.pt/,Portugal,Amplify Creations,?,X,?,?,?,X,?,1,?,?,X,?,8,A,?,?,?,?
amplitude-studios.com/,France,Amplitude Studios,Sega,X,?,?,?,?,?,5,?,?,X,?,9,A,?,?,?,?
amrita.studio/,Ukraine,Amrita Studio,?,X,?,?,?,?,?,1,?,?,X,?,4,B,?,?,?,?
amt-games.com/,Russia,AMT games,?,?,X,?,?,?,?,2,?,?,-,?,-,-,?,?,?,?
amusedsloth.com/,UK,Amused Sloth,?,?,X,?,?,?,?,5,?,?,-,?,-,-,?,?,?,?
anarkisgaming.com/,France,Anarkis Gaming,?,X,?,?,?,?,?,2,?,X,X,itch.io/,4,B,?,?,?,?
angrydemonstudio.com/,Sweden,Angry Demon Studio,?,X,?,?,?,?,?,2,?,?,X,?,4,B,?,?,?,?
angrymobgames.com/,Romania,Angry Mob Games,?,X,X,?,?,X,?,6,?,?,X,?,5,B,?,?,?,?
animationarts.de/,Germany,Animation Arts GmbH,?,X,X,?,?,?,?,8,?,?,X,?,5,B,?,?,?,?
aniway.fi/,Finland,Aniway,?,?,X,?,?,?,?,170,?,?,-,?,-,-,?,?,?,?
ankama.com/en,France,Ankama,?,X,X,?,?,?,?,17,?,X,X,Unknown,9,A,?,?,?,?
anotherplaceproductions.com/,UK,Another place productions,?,?,X,?,?,?,?,38,?,?,-,?,-,-,?,?,?,?
ansharstudios.com/,Poland,Ansharstudios,?,X,X,X,?,?,?,6,?,?,X,?,5,B,?,?,?,?
ant-workshop.com/,UK,Ant Workshop Ltd,?,X,X,?,?,?,?,4,?,?,X,?,2,C,?,?,?,?
antagonist.no/,Norway,Antagonist,?,X,?,?,?,?,?,2,?,?,X,?,4,B,?,?,?,?
antagonistgames.wixsite.com/home,Norway,Antagonist Games,1C,X,?,?,?,?,?,1,?,?,X,?,4,B,?,?,?,?
antimattergames.com/,UK,Antimatter Games,?,X,?,?,?,?,?,3,?,?,X,?,8,A,?,X,?,?
antlerinteractive.com/,Sweden,Antler Interactive,?,X,X,X,?,?,?,4,?,?,X,?,4,B,?,?,?,?
apexpoint.com/,Russia,ApexPoint,?,?,X,?,?,?,?,3,?,?,-,?,-,-,?,?,?,?
apm2.studio/,Belarus,APM2 Studio,?,?,X,?,?,?,?,4,?,?,-,?,-,-,?,?,?,?
apoapsisstudios.com/,Sweden,Apoapsis Studios,?,X,?,?,?,?,?,1,?,?,X,?,4,B,?,?,?,?
appeal-studios.com/,Belgium,Appeal Studios,?,X,?,?,?,X,?,3,?,?,X,?,8,A,?,?,?,?
applava.com/,Lithuania,Applava,?,X,X,?,?,X,?,13,?,?,X,?,3,C,?,?,?,?
apprope.com/,Sweden,Apprope,?,?,X,?,?,?,?,3,?,?,-,?,-,-,?,?,?,?
apps.lisbonlabs.com/,Portugal,Lisbonlabs,?,?,X,?,?,?,?,10,?,?,-,?,-,-,?,?,?,?
appsministry.com/,Russia,Apps Ministry,?,?,X,?,?,?,?,22,?,?,-,?,-,-,?,?,?,?
appynation.com/,UK,AppyNation,?,?,X,?,?,?,?,10,?,?,-,?,-,-,?,?,?,?
arcticfoxgamestudios.com/,Sweden,Arctic Fox Game Studios,?,X,?,?,?,?,?,1,?,?,X,?,2,C,?,?,?,?
arkane-studios.com/en,France,Arkane Studios,?,X,?,?,?,X,?,11,?,?,X,?,9,A,?,?,?,?
armadainteractive.com/,Finland,Armada interactive,?,?,X,?,?,?,?,1,?,?,-,?,-,-,?,?,?,?
armaturgames.com/,Russia,Armatur Games,?,X,X,?,?,?,?,4,?,?,X,?,2,C,?,?,?,?
arrowheadgamestudios.com/,Sweden,Arrowhead Studios,?,X,?,?,?,X,?,5,?,?,X,?,9,A,?,?,?,?
art-games.com/,Poland,Art Games Studio S.A.,Art Games Studio S.A.,X,?,?,?,?,?,5,?,?,X,?,5,B,X,?,?,?
artefacts-studio.fr/,France,Artefacts Studio,?,X,X,?,?,X,?,14,?,?,X,?,9,A,?,?,?,?
artifexmundi.com/,Poland,Artifex Mundi,?,X,X,?,?,?,?,83,?,?,X,?,3,C,?,?,?,?
artingames.com/,Slovenia,Art in Games s.r.o.,?,?,X,?,?,?,?,1,?,?,-,?,-,-,?,?,?,?
artistic-minds.it/,Italy,Artistic Minds,?,X,?,?,?,?,?,1,?,?,X,?,4,B,?,?,X,?
ascendantstudio.com/,Czech Republic,Ascendant Studio,?,X,?,X,X,?,?,2,?,?,X,?,4,B,?,?,?,?
ashofgods.com/ru/,Russia,Aurum Dust,WhisperGames,X,?,?,?,X,?,1,?,?,X,?,8,A,?,?,?,?
asmodee-digital.com/en/,France,Asmodee Digital,Asmodee Digital,X,X,?,?,?,?,8,?,?,X,?,3,C,X,?,?,?
asobostudio.com/,France,Asobo Studio,?,X,?,?,?,X,?,24,?,?,X,?,10,A,?,?,?,?
astraware.com/,UK,Astraware,?,?,X,?,?,?,?,11,?,?,-,?,-,-,?,?,?,?
astronomicgames.com/,UK,Astronomic Games,?,X,?,?,?,?,?,13,?,?,X,?,3,C,?,?,?,?
aterdux.com/ru/,Belarus,Aterdux Entertainment,?,X,?,?,?,?,?,1,?,X,X,humblebundle.com/,4,B,?,?,?,?
atomicfabrik.com/,Moldavia,Atomic Fabrik,Atomic Fabrik,X,?,?,?,?,?,11,?,?,X,?,3,C,X,?,?,?
atomicom.co.uk/,UK,Atomicom,?,X,X,?,?,X,?,8,?,X,X,xsolla.com/,5,B,?,?,?,?
atomrepublic.com/,UK,Atom Republic,?,X,?,?,?,?,?,1,?,?,X,?,7,B,?,?,?,?
attugames.com/,Czech Republic,Attu Games,?,X,?,?,?,?,?,2,?,?,X,?,4,B,?,?,?,?
atypicalgames.com/,Romania,Revo Solutions Games,?,X,X,?,?,X,?,13,?,?,X,?,5,B,?,?,?,?
aurochdigital.com/,UK,Auroch Digital,?,X,?,?,?,?,?,8,?,?,X,?,5,B,?,?,?,?
avalanchestudios.com/,Sweden,Avalanche Studios,?,X,?,?,?,X,?,12,?,?,X,?,9,A,?,?,?,?
avalon-digital.com/en,France,Avalon,?,X,?,?,?,?,?,8,?,X,X,paiement.systempay.fr/,5,B,?,?,?,?
avokiddo.com/,UK,Avokiddo,?,?,X,?,?,?,?,10,?,?,-,?,-,-,?,?,?,?
avorion.net/,Germany,Boxelware,?,X,?,?,?,?,?,1,?,?,X,?,4,B,?,?,?,?
awem.com/,Belarus,Awem Games,?,?,X,?,?,?,?,3,?,?,-,?,-,-,?,?,?,?
awesomegamesstudio.com/,Poland,Awesome Games Studio,?,X,?,?,?,?,?,5,?,?,X,?,5,B,?,?,?,?
awesomeprototype.com/,Germany,Awesome prototype,?,?,X,?,?,?,?,2,?,?,-,?,-,-,?,?,?,?
axc-games.com/,France,AXC GAMES,?,X,?,?,?,?,?,1,?,?,X,?,4,B,?,?,X,?
axolotgames.com/,Sweden,Axolot Games,Axolot Games,X,?,?,?,?,?,1,?,?,X,?,4,B,X,?,?,?
aygamesco.com/,Russia,AY Games,WhisperGames,X,?,?,?,?,?,1,?,?,X,?,4,B,?,?,?,?
azdimension.az/,Azerbaijan,AzDimension,?,X,X,?,?,?,?,7,?,?,X,?,5,B,?,?,?,?
azurgames.com/,Russia,Azur Games,?,?,X,?,?,?,?,30,?,?,-,?,-,-,?,?,?,?
b-alive.de/,Germany,B-alive,?,X,?,?,?,?,?,16,?,?,X,?,6,B,?,?,?,?
backwoods-entertainment.com/,Germany,Backwoods Entertainment,Application Systems,X,?,?,?,?,?,1,?,?,X,?,4,B,?,?,?,?
badflyinteractive.com/,Czech Republic,BadFly Interactive,?,X,X,?,?,?,?,3,?,?,X,?,4,B,?,?,?,?
badjokestudio.com/,Italy,Bad Jokes,?,X,X,?,?,?,?,6,?,?,X,?,3,C,?,?,?,?
badlogicstudios.com/,UK,Bad Logic Studios,?,X,?,?,?,?,?,5,?,?,X,?,3,C,?,?,?,?
badmonkee.de/website/#,Germany,Bad monkee,?,?,X,?,?,?,?,5,?,?,-,?,-,-,?,?,?,?
badnorth.com/,Sweden,Plausible Concept,Raw Fury,X,?,?,?,?,?,1,?,?,X,?,2,C,?,?,?,?
badseed.it/,Italy,Bad Seed,?,X,X,?,?,X,?,4,?,?,X,?,4,B,?,?,?,?
badyolkgames.com/,Sweden,Bad Yolk,?,X,?,?,?,?,?,1,?,?,X,?,4,B,?,?,?,?
bakedgames.pl/,Poland,Baked Games,?,X,X,?,?,?,?,13,?,?,X,?,5,B,?,?,?,?
balzo.eu/,Italy,Balzo,?,?,X,?,?,?,?,7,?,?,-,?,-,-,?,?,?,?
banzai.games/,Russia,Banzai Games,Nekki,?,X,?,?,?,?,5,?,?,-,?,-,-,?,?,?,?
barbed-wire.eu/,Russia,Barbed Wire Studios,?,X,?,?,?,?,?,1,?,?,X,?,8,A,?,?,X,?
bareknuckledev.com/,UK,Bare Knuckle Development,?,X,?,?,?,?,?,5,?,?,X,?,3,C,?,?,?,?
baremettle.com/,UK,Bare Mettle Entertainment,?,X,?,?,?,?,?,2,?,X,X,pay.shopify.com/,4,B,?,?,?,?
barnstormgames.com/,UK,Barnstorm Games,?,?,X,?,?,?,?,8,?,?,-,?,-,-,?,?,?,?
barsstudios.com/,Austria,BARS Studios,?,X,?,?,?,?,?,2,?,?,X,?,4,B,?,?,?,?
battlebrothersgame.com/,Germany,Overhype Studios,?,X,?,?,?,?,?,1,?,X,X,humblebundle.com/,4,B,?,?,?,?
battlestategames.com/,Russia,Battlestate Games,?,X,?,?,?,?,?,1,?,X,X,xsolla.com/,11,A,?,?,?,?
beamng.gmbh/beamng-drive/,Germany,BeamNG,?,X,?,?,?,?,?,1,?,?,X,?,2,C,?,?,?,?
bearbitstudios.com/,Netherlands,Bearbit,?,X,?,?,?,?,?,1,?,?,X,?,2,C,?,?,?,X
beardedbrothers.games/,Poland,BeardedBrothers games,?,X,?,?,?,X,?,1,?,?,X,?,4,B,?,?,?,?
beardenvy.co.uk/,UK,Beard Envy,?,X,?,?,?,?,?,1,?,?,X,?,4,B,?,?,X,?
beardgames.net/,Russia,Beard Games Studio,?,X,?,?,?,?,?,2,?,?,X,?,4,B,?,?,?,?
beastsbattle.com/,Russia,Greenolor Studio,?,X,?,?,?,?,?,2,?,?,X,?,2,C,?,?,?,?
beatshapers.com/,Ukraine,Beatshapers,?,X,?,X,?,?,?,7,?,?,X,?,5,B,?,?,?,?
beautifungames.com/group-list/games/,Spain,BeautiFun Games,?,X,X,?,?,?,?,3,?,X,X,humblebundle.com/,4,B,?,?,?,?
bedtime.io/,Denmark,Bedtime Digital Games,?,X,X,?,?,X,?,4,?,?,X,?,4,B,?,?,?,?
beetrootlab.com/,Latvia,Beetroot lab,?,?,X,?,?,?,?,6,?,?,-,?,-,-,?,?,?,?
bellealgames.com/,Bulgaria,Belleal Games,?,X,?,?,?,?,?,2,?,?,X,?,2,C,?,?,?,?
berlingamesclub.com/,Germany,BerlinGamesClub,hOSHI,X,?,?,?,?,?,1,?,?,X,?,1,C,?,?,?,?
betadwarf.com/,Denmark,BetaDwarf Entertainment,?,X,?,?,?,X,?,3,?,?,X,?,4,B,?,?,?,?
beyondframes.com/,Sweden,Beyond Frames,?,X,?,X,X,?,?,4,?,?,X,?,4,B,?,?,?,?
beyondthosehills.com/,Greece,Beyondthosehills,?,X,X,?,?,?,?,2,?,?,X,?,2,C,?,?,?,?
bigbadwolf-studio.com/,France,Big Bad Wolf,?,X,?,?,?,X,?,2,?,?,X,?,8,A,?,?,?,?
bigevilcorporation.co.uk/,UK,Big Evil Corp,?,X,?,?,?,X,?,1,?,?,X,?,2,C,?,?,?,?
bigheadgames.co.uk/,UK,Big Head Games,?,?,X,?,?,?,?,9,?,?,-,?,-,-,?,?,?,?
bigmoonstudios.com/,Portugal,Bigmoon Studios,?,X,X,?,?,X,?,10,?,?,X,?,9,A,?,?,?,?
bigosaur.com/,Serbia,Bigosaur,?,X,X,?,?,?,?,7,?,?,X,?,3,C,?,?,?,?
bigpixelstudios.co.uk/,UK,Big Pixel Games,?,?,X,?,?,?,?,7,?,?,-,?,-,-,?,?,?,?
bigpoint.net/,Germany,BIGPOINT,?,X,X,?,?,?,X,13,?,?,-,?,2,C,?,?,?,?
bigumaku.com/,UK,Bigumaku,?,?,X,?,?,?,?,3,?,?,-,?,-,-,?,?,?,?
binaryimpact.de/,Germany,Binary Impact,?,X,?,?,?,?,?,2,?,?,X,?,2,C,?,?,?,?
binaryzoo.com/games_page/,UK,Binary Zoo,?,X,X,?,?,?,?,6,?,?,X,?,2,C,?,?,?,?
bip-media.com/,France,BIP Media,Plug In Digital,X,?,?,?,?,?,2,?,?,X,?,2,C,?,?,?,?
bipolardawn.wordpress.com/,Spain,Bipolar Dawn,?,X,?,?,?,?,?,1,?,?,X,?,2,C,?,?,?,X
bisbog.com/,UK,Bisbog,?,?,X,?,?,?,?,4,?,?,-,,-,-,?,?,?,?
bit.games/,Russia,BIT.GAMES,?,X,X,?,?,?,X,2,?,?,X,?,2,C,?,?,?,?
bitgolemgames.com/,Poland,Bit Golem,?,X,?,?,?,?,?,4,?,?,X,?,4,B,?,?,?,?
bitmapbureau.com/,UK,Bitmap Bureau,?,X,?,?,?,X,?,3,?,?,X,?,2,C,?,?,?,?
bitmapgalaxy.com/,Slovenia,Bitmap Galaxy,?,?,X,?,?,?,?,4,?,?,-,?,-,-,?,?,?,?
bitsalive.com/,Austria,BitsAlive,?,X,?,?,?,X,?,1,?,?,X,?,4,B,?,?,X,?
black-forest-games.com/,Germany,Black Forest Games,?,X,?,?,?,X,?,5,?,?,X,?,9,A,?,?,?,?
black-shamrock.com/,Ireland,Black Shamrock,?,X,?,?,?,X,?,2,?,?,X,?,8,A,?,?,?,?
blackcurtainstudio.com/,Sweden,Black Curtain Studio,?,X,X,?,?,?,?,6,?,?,X,?,5,B,?,?,?,?
blackeyegames.com/,Poland,Black Eye Games,?,X,?,?,?,?,?,1,?,X,X,xsolla.com/,7,B,?,?,?,?
blackfoxstudios.se/,Sweden,Blackfox Studios,Fatshark,X,?,?,?,?,?,1,?,?,X,?,4,B,?,?,?,?
blacklimestudio.ru/,Russia,Black Lime Studio,?,X,?,?,?,?,?,8,?,?,X,?,2,C,?,?,?,?
blackmillgames.com/,Denmark,Blackmill Games,?,X,?,?,?,?,?,2,?,?,X,?,4,B,?,?,?,?
blackmuffinstudio.com/,France,BlackMuffin Studio,?,X,X,?,?,?,?,7,?,?,X,?,5,B,?,X,?,?
blackpants.de/,Germany,Black Pants Studio,?,X,X,?,?,?,?,9,?,X,X,stripe.com/,3,C,?,?,?,?
blackpotion.fr/,France,Black Potion,?,X,?,?,?,?,?,9,?,X,X,itch.io/,2,C,?,?,?,?
blackrat.ru/,Russia,BlackRat,?,X,?,?,?,?,?,1,?,?,X,?,2,C,?,?,?,X
blackrobotgames.com/,Italy,Black Robot Games,?,X,X,?,?,?,?,2,?,?,X,?,4,B,?,?,?,?
blackseagames.com/,Bulgaria,Black Sea Games,THQ Nordic,X,?,?,?,?,?,1,?,?,X,?,8,A,?,?,?,?
blacksheep-studio.com/b.index.html,France,Black Sheep Studio,?,X,?,?,?,?,?,4,?,?,X,?,4,B,?,X,?,?
blazesgames.ru/,Russia,Blazes Games,?,X,X,?,?,?,?,3,?,?,X,?,4,B,?,X,?,?
blazinggriffin.com/,UK,Blazing Griffin,?,X,X,?,?,?,?,7,?,?,X,?,5,B,?,?,?,?
blindflugstudios.com/our-games/,Switzerland,BlindFlug Games,?,X,X,?,?,?,?,11,?,?,X,?,3,C,?,?,?,?
blinkstudios.no/,Norway,BLINK STUDIOS,?,X,X,?,?,?,?,1,?,?,?,?,8,A,?,?,?,X
blog.linceworks.com/,Spain,Lince Works,?,X,?,?,?,X,?,1,?,?,X,?,4,B,?,?,?,?
blog.zenstudios.com/,Hungary,Zen Studios,?,X,X,X,?,X,?,11,?,?,X,?,3,C,?,?,?,?
blooberteam.com/,Poland,Bloober Team,?,X,?,?,?,X,?,11,?,?,X,?,9,A,?,?,?,?
bloodystation.com/,Poland,BloodyStation,?,X,X,?,?,?,?,2,?,?,X,?,1,C,?,?,?,X
bluebear.ie/,Ireland,Bluebear,?,?,X,?,?,?,?,19,?,?,-,?,-,-,?,?,?,?
bluebraingames.com/,Slovenia,Blue brain games,?,X,X,?,?,?,?,3,?,?,X,?,1,C,?,?,?,?
bluebyte.ubisoft.com/,Germany,Blue Byte,Ubisoft,X,?,?,?,X,?,50,?,?,X,?,13,A,?,?,?,?
bluesunsetgames.com/,Poland,Blue Sunset Games,?,X,X,?,?,?,?,10,?,?,X,?,5,B,?,?,?,?
bohemia.net/,Czech Republic,Bohemia Interactive,?,X,?,?,?,X,?,22,?,?,X,?,13,A,?,?,?,?
boldpixel.com/,Poland,Bold Pixel,?,X,?,?,?,?,?,1,?,?,X,?,2,C,?,?,?,?
bolverkgames.com/,Denmark,Bolverk Games,?,X,?,X,X,?,?,4,?,?,X,?,4,B,?,?,?,?
boneloaf.co/,UK,Boneloaf,Double Fine Presents,X,?,?,?,X,?,1,?,?,X,?,2,C,?,?,?,X
bongames.fi/,Finland,Bongames,?,?,X,?,?,?,?,1,?,?,-,?,-,-,?,?,?,?
bongfish.com/,Austria,Bongfish,?,?,X,?,?,?,?,11,?,?,-,?,-,-,?,?,?,?
bonuslevelentertainment.com/,Germany,Bonus Level Entertainment,EuroVideo Medien,X,?,?,?,?,?,1,?,?,X,?,2,C,?,?,?,?
boolatgames.com/,Ukraine,Boolat Games,?,X,X,?,?,?,?,23,?,O,X,bigfishgames.com/,3,C,?,?,?,?
boombit.com/,UK,Boombit,?,?,X,?,?,?,?,11,?,?,-,?,-,-,?,?,?,?
boon.ie/,Ireland,Boon,?,?,X,?,?,?,?,1,?,?,-,?,-,-,?,?,?,?
bornluckygames.com/,Poland,Born Lucky Games,Klabater,X,X,?,?,?,?,4,?,?,X,?,2,C,?,?,?,?
bossalien.com/,UK,BossAlien,?,?,X,?,?,?,?,2,?,?,-,?,-,-,?,?,?,?
bossastudios.com/,UK,Bossa Studios ,Bossa Studios ,X,X,?,?,X,?,7,?,?,X,?,5,B,X,?,?,?
boxfroggames.com/wp/,UK,BoxFrog Games,2Awesome Studio,X,X,?,?,X,?,3,?,?,X,?,2,C,?,?,?,?
brainandnerd.com/,UK,Brain and Nerd,?,X,?,?,?,?,?,3,?,?,X,?,4,B,?,?,?,?
brainbox.cc/,UK,Brainbox cc,?,X,?,?,?,?,?,6,?,?,X,?,3,C,?,?,?,?
brainseal.com/,UK,Brain Seal,?,X,?,?,?,?,?,4,?,?,X,?,4,B,?,?,?,?
brainseed-factory.com/,Germany,Brainseed Factory,?,X,X,X,?,X,?,3,?,?,X,?,4,B,?,?,?,?
brainstonegames.com/projects,Germany,Brain Stone GmbH,?,X,?,?,?,?,?,1,?,?,X,?,4,B,?,?,?,?
braveatnight.co.uk/,UK,Brave at Night,No More Robots,X,?,?,?,?,?,1,?,?,X,?,4,B,?,?,?,?
bravegiant.com/,Serbia,Bravegiant,?,X,X,?,?,?,?,19,?,O,X,bigfishgames.com/,3,C,?,?,?,?
bravocompany.io/,UK,Bravocompany,?,?,X,?,?,?,?,1,?,?,-,?,-,-,?,?,?,?
breadcrumbsinteractive.com/,Romania,Breadcrumbs Interactive,Versus Evil,X,?,?,?,X,?,1,?,?,X,?,8,A,?,?,?,?
brightrockgames.com/,UK,Brightrock Games,?,X,?,?,?,?,?,2,?,?,X,?,8,A,?,?,?,?
brimstone.games/,Sweden,Brimstone Games,?,X,?,?,?,?,?,3,?,?,X,?,4,B,?,?,?,?
brokenrul.es/,Austria,Broken Rules,?,X,X,?,?,?,?,7,?,X,X,humblebundle.com/,3,C,?,?,?,?
brouillard.ru/,Russia,Brouillard,?,X,X,?,?,?,?,4,?,X,X,itch.io/,2,C,?,?,?,?
bruteforce-games.com/,France,BRUTE FORCE Studio,?,X,?,?,?,?,?,1,?,?,X,?,2,C,?,?,?,?
bucketheadentertainment.com/,Netherlands,Buckethead Entertainment,?,X,?,?,?,?,?,3,?,?,X,?,4,B,?,?,?,?
bug-studio.net/,Russia,BUG-Studio,?,X,X,?,?,X,?,8,?,?,X,?,3,C,?,?,?,?
bugbeargames.com/,Finland,Bugbear Entertainment,?,X,?,?,?,X,?,5,?,?,X,?,9,A,?,?,?,?
bugbyte.fi/,Finland,Bugbyte,?,X,X,?,?,?,?,4,?,?,X,?,4,B,?,?,?,?
bulbware.com/,Poland,Bulbware,?,X,X,?,?,X,?,2,?,?,X,?,2,C,?,?,?,?
bulkheadinteractive.com/,UK,Bulkhead Interactive,Square Enix,X,?,?,?,?,?,2,?,?,X,?,7,B,?,?,?,?
bulldoginteractive.com/,UK,Bulldog Interactive,?,X,?,?,?,?,?,2,?,X,-,paypal.com/,2,C,?,?,?,?
bulwarkstudios.com/,France,Bulwark Studios,Kasedo Games,X,?,?,?,?,?,2,?,?,X,?,8,A,?,?,?,?
bumblebee-games.com/,Germany,Bumblebee,?,X,?,?,?,?,?,7,?,?,X,?,3,C,?,?,?,?
bumpkinbrothers.com/,UK,The Bumpkin Brothers,?,X,?,?,?,?,?,4,?,X,X,itch.io/,2,C,?,?,?,?
bumpytrailgames.com/,Spain,Bumpy Trail Games,?,X,?,?,?,?,?,1,?,?,X,?,2,C,?,?,?,?
bunbogames.com/,Turkey,Bunbo Games,?,?,X,?,?,?,?,9,?,?,-,?,-,-,?,?,?,?
bwf-game.com/ru,Ukraine,Black Wing Foundation,?,X,X,?,?,?,?,11,?,?,X,?,5,B,?,X,?,?
byssmobile.com/,Poland,Byss mobile,?,?,X,?,?,?,?,10,?,?,-,?,-,-,?,?,?,?
byterockers.games/en,Germany,ByteRockers,?,X,X,?,?,?,?,6,?,?,X,?,3,C,?,?,?,?
bytro.com/,Germany,Bytro Labs,?,?,X,?,?,?,?,3,?,?,-,?,-,-,?,?,?,?
cableekgames.com/,Czech Republic,Cableek games,?,?,X,?,?,?,?,2,?,?,-,?,-,-,?,?,?,?
caipirinhagames.com/,Germany,Caipirinha games,?,X,?,?,?,?,?,21,?,?,X,?,6,B,?,?,?,?
caiysware.com/,UK,Caiysware,?,X,?,?,?,?,?,6,?,?,X,?,3,C,?,?,?,?
calepinstudio.com/,France,Calepin Studio,?,X,?,?,?,?,?,3,?,?,X,?,4,B,?,?,?,?
callyscaves.com/,UK,VDO Games,?,X,?,?,?,?,?,4,?,?,X,?,2,C,?,?,?,?
camel101.com/wp/,Portugal,Camel 101,?,X,?,?,?,X,?,8,?,?,X,?,5,B,?,?,?,?
capeguy.dev/,UK,Cape Guy,?,X,X,?,?,?,?,3,?,?,X,?,2,C,?,?,?,?
carbonstudio.pl/,Poland,Carbon Studio,?,X,?,X,X,?,?,3,?,?,X,?,4,B,?,?,?,?
cardboardsword.co.uk/,UK,Cardboard Sword,?,X,?,?,?,?,?,1,?,?,X,?,4,B,?,X,X,?
carx-online.com/ru/,Russia,CarX Technologies,?,X,X,?,?,?,?,4,?,?,X,?,7,B,?,?,?,?
casual-arts.com/,UK,Casual Arts,?,X,?,?,?,?,X,43,?,O,X,bigfishgames.com/,3,C,?,?,?,?
casualbrothers.com/cb/,UK,Casual Brothers,?,X,X,?,?,X,?,7,?,?,X,?,2,C,?,?,?,?
cat-astrophe-games.com/,Poland,Cat astrophe games,?,X,?,?,?,?,?,4,?,X,X,xsolla.com/,2,C,?,?,?,?
catalope.co/,Sweden,Catalope Games,?,X,?,?,?,?,?,2,?,?,X,?,4,B,?,?,?,?
catlab.eu/,Belgium,CatLab Interactive,?,X,X,?,?,?,X,2,?,?,X,?,2,C,?,?,?,?
catland.studio/,Finland,Catland studio,?,X,?,?,?,?,?,3,?,?,X,?,4,B,?,?,?,?
catnessgames.com/,Spain,Catness Game Studios,?,X,?,?,?,?,?,2,?,?,X,?,2,C,?,?,?,?
catswhoplay.com/new/index.php/ru/,Russia,Cats who play,?,X,X,?,?,?,?,5,?,?,X,?,5,B,?,?,?,?
cavaliergamestudios.co.uk/,UK,Cavalier Game Studios,?,X,?,?,?,?,?,1,?,?,X,?,2,C,?,?,?,?
cbe-software.com/,Czech Republic,CBE software,?,X,X,?,?,?,?,6,?,?,X,?,5,B,?,?,?,?
cccp.fr/,France,CCCP,?,X,X,?,?,?,?,8,?,?,X,?,5,B,?,?,?,?
ccpgames.com/,Iceland,CCP Games,?,X,X,?,?,X,?,5,?,?,X,?,12,A,?,?,?,?
celsius-online.com/,France,Celsius Online,?,?,X,?,?,?,?,6,?,?,-,?,-,-,?,?,?,?
chameleongames.com/,UK,Chameleon Games,?,X,?,?,?,?,?,1,?,X,X,humblebundle.com/,4,B,?,?,X,?
chaosforge.org/,Poland,Chaosforge,?,X,?,?,?,?,?,1,?,?,X,?,4,B,?,?,?,?
chargedmonkey.com/,Czech Republic,Charged monkey,?,?,X,?,?,?,?,3,?,?,-,?,-,-,?,?,?,?
charlesgames.net/,Czech Republic,Charles Games,?,X,X,?,?,?,?,3,?,?,X,?,4,B,?,?,?,?
charstudio.com/en/,Ukraine,CharStudio,?,?,X,?,?,?,?,10,?,?,-,?,-,-,?,?,?,?
chasing-carrots.com/,Germany,Chasing Carrots,?,X,?,?,?,?,?,4,?,X,X,humblebundle.com/,4,B,?,?,?,?
chef.gs/,Turkey,CHEF Game Studio,?,?,X,?,?,?,?,3,?,?,-,?,-,-,?,?,?,?
cherrypickgames.com/,Poland,Cherrypick Games,?,?,X,?,?,?,?,7,?,?,-,?,-,-,?,?,?,?
cherrypopgames.com/,UK,Cherry Pop Games,?,X,?,X,?,X,?,6,?,?,X,?,5,B,?,?,?,?
chibig.com/games/,Spain,Chibig,101xp,X,X,?,?,X,?,4,?,?,X,?,4,B,?,?,?,?
chimera-entertainment.de/index.html,Germany,Chimera Entertainment,?,X,X,?,?,?,?,26,?,?,X,?,4,B,?,?,?,?
chimpworksgames.com/,Netherlands,Chimpworks,?,?,X,?,?,?,?,18,?,?,-,?,-,-,?,?,?,?
chubbypixel.com/,Italy,Chubby Pixel,?,X,X,X,?,X,?,11,?,?,X,?,3,C,?,?,?,?
chucklefish.org/,UK,Chucklefish,Chucklefish,X,?,?,?,?,?,4,?,?,X,?,4,B,X,?,?,?
cigames.com/en/,Poland,CI Games,?,X,X,?,?,X,?,24,?,?,X,?,10,A,?,?,?,?
cinemax.cz/,Czech Republic,CINEMAX,?,X,X,?,?,X,?,8,?,?,X,?,3,C,?,?,?,?
cipsoft.com/index.php/en/,Germany,CipSoft,?,?,X,?,?,?,?,3,?,?,-,?,-,-,?,?,?,?
clarusvictoria.com/,Russia,Clarus Victoria,?,X,X,?,?,?,?,5,?,?,X,?,5,B,?,?,?,?
cleversan.com/,Poland,Cleversan Software,?,X,?,?,?,?,?,3,?,?,X,?,4,B,?,?,?,?
clifftopgames.com/,Sweden,Clifftop Games,?,?,X,?,?,?,?,3,?,?,-,?,-,-,?,?,?,?
climaxstudios.com/,UK,Climax Studios,?,X,X,?,?,?,?,48,?,?,X,?,6,B,?,X,?,?
climou.com/?p=25-haxor,Poland,Climou,No Gravity Games,X,?,?,?,?,?,1,?,?,X,?,2,C,?,?,?,?
clockstone.com/wp/,Austria,Clock Stone,?,X,X,?,?,X,?,9,?,?,X,?,3,C,?,?,?,?
clockwork-origins.com/,Germany,Clockwork Origins,?,X,?,?,?,?,?,2,?,X,X,itch.io/,4,B,?,?,?,?
cloudthewolf.com/,UK,CloudTheWolf,?,X,?,?,?,?,?,2,?,?,X,?,2,C,?,?,?,?
cluetivity.com/,Germany,Life Action Games GmbH,?,?,X,?,?,?,?,4,?,?,-,?,-,-,?,?,?,?
coalvalleygames.com/,Poland,Coal Valley Games,?,X,?,?,?,?,?,1,?,?,X,?,4,B,?,?,?,?
coastalbyte.com/,Sweden,Coastalbyte Games,Coffee Stain Publishing,X,?,X,X,?,?,1,?,?,X,?,2,C,?,?,?,?
coatsink.com/,UK,Coatsink,?,X,?,X,?,?,?,9,?,?,X,?,5,B,?,?,?,?
codalyn.com/,Netherlands,Codalyn,?,X,?,?,?,?,?,1,?,?,X,?,2,C,?,?,?,?
codebyfire.com/,UK,Codebyfire,Mode 7,X,?,?,?,?,?,1,?,?,X,?,4,B,?,?,?,?
codeglue.com/,Netherlands,Codeglue,?,X,X,?,?,?,?,4,?,?,X,?,2,C,?,X,?,?
codehorizon.pl/,Poland,The Code Horizon,PlayWay S.A.,X,?,?,?,X,?,5,?,?,X,?,5,B,?,?,?,?
codemasters.com/,UK,Codemasters,Codemasters,X,X,?,?,X,?,10,?,?,X,?,9,A,X,?,?,?
codingmonkeys.de/,Germany,The Coding Monkeys,?,?,X,?,?,?,?,6,?,?,-,?,-,-,?,?,?,?
cofagames.com/,Serbia,Cofa games,?,?,X,?,?,?,?,3,?,?,-,?,-,-,?,?,?,?
coffeecatgames.com/,Russia,Coffee Cat Games,Black Tower Entertainment,X,?,?,?,?,?,1,?,?,X,?,4,B,?,?,?,?
coffeestainstudios.com/,Sweden,Coffee Stain Studios,Coffee Stain Publishing,X,?,?,?,?,?,5,?,?,X,?,9,A,X,?,?,?
coilworks.se/,Sweden,Coilworks,?,X,?,?,?,?,?,4,?,?,X,?,4,B,?,?,?,?
coldcomfortgame.com/,Germany,Cold Comfort,?,X,?,?,?,?,?,1,?,?,X,?,4,B,?,?,X,?
coldwild.com/,Latvia,Coldwild Games,?,X,X,?,?,?,?,8,?,?,X,?,5,B,?,?,?,?
colepowered.com/,UK,ColePowered Games Ltd,?,X,X,?,?,?,?,6,?,?,X,?,5,B,?,?,?,?
colossalorder.fi/,Finland,Colossal Order,Paradox Interactive,X,?,?,?,?,?,3,?,?,X,?,8,A,?,?,?,?
com8com1.com/,Germany,Com8com1,?,X,?,?,?,X,?,2,?,?,X,?,2,C,?,?,?,?
comongames.ru/,Russia,ComonGames,META Publishing,X,?,X,?,?,?,3,?,?,X,?,4,B,?,?,?,?
company.alawar.com/,Russia,Alawar     ,Alawar,X,X,?,?,X,?,408,?,X,X,xsolla.com/,9,A,X,?,?,?
company.gamedesire.com/,Bulgaria,Ganymede Technologies,?,?,X,?,?,?,?,6,?,?,-,?,-,-,?,?,?,?
company.nevosoft.ru/,Russia,Nevosoft,?,?,X,?,?,?,?,4,?,?,-,?,-,-,?,?,?,?
concretegames.xyz/,France,Concrete Games,?,X,?,?,?,?,?,6,?,X,X,itch.io/,5,B,?,?,?,?
contecgames.com/,Denmark,Contec Games ,?,X,?,?,?,?,?,1,?,?,X,?,8,A,?,?,?,?
convoy-games.com/,Netherlands,Convoy Games,?,X,?,?,?,?,?,2,?,?,X,?,2,C,?,?,?,?
cool-bears.com/index.html,Azerbaijan,Cool Bears,?,X,X,X,?,?,?,6,?,?,X,?,3,C,?,?,?,?
coolgames.com/,Netherlands,Cool Games,?,X,X,?,?,?,X,18,?,?,X,?,3,C,?,?,?,?
coopinnovations.co.uk/,UK,Cooperative Innovations,?,X,?,X,X,?,?,2,?,?,X,?,4,B,?,?,?,?
cooply.com/,UK,Cooply Solutions,?,X,X,?,?,X,?,8,?,?,X,?,5,B,?,?,?,?
cornfox.com/,Finland,Cornfox & Brothers,?,X,X,?,?,X,?,3,?,?,X,?,8,A,?,?,?,?
cornutopia.co.uk/cornutopia/,UK,Cornutopia Software,?,X,?,?,?,?,?,18,?,O,X,digitalriver.com/,4,B,?,?,?,?
corporate.moviestarplanet.com/,Denmark,MovieStarPlanet,?,?,X,?,?,?,?,3,?,?,-,?,-,-,?,?,?,?
corpwebgames.com/,Russia,WebGames,?,X,X,?,?,?,?,40,?,?,X,?,6,B,?,?,?,?
cortopia.com/,Sweden,Cortopia Studios,?,X,?,X,X,?,?,1,?,?,X,?,4,B,?,?,?,?
cosmonautstudios.co.uk/,UK,Cosmonaut Studios,?,X,?,?,?,?,?,1,?,?,X,?,4,B,?,?,X,?
crackshell.dk/,Sweden,Crackshell,?,X,?,?,?,?,?,3,?,?,X,?,4,B,?,?,?,?
craftinglegends.com/,Germany,Crafting Legends,?,X,?,?,?,?,?,1,?,?,X,?,4,B,?,?,X,?
craneballs.com/,Czech Republic,Craneballs,?,X,X,?,?,?,?,20,?,?,X,?,6,B,?,?,?,?
cranktrain.com/the-eldritch-zookeeper/,UK,Matt Luard,?,X,?,?,?,?,?,3,?,?,X,?,4,B,?,?,?,?
crashlab.co.uk/,UK,Crash Lab,?,?,X,?,?,?,?,9,?,?,-,?,-,-,?,?,?,?
crazybunch.biz/,Germany,CrazyBunch,?,X,?,X,?,?,?,4,?,?,X,?,4,B,?,?,?,?
crazykraken.eu/en/home/,France,Crazy Kraken Studio,Plug In Digital,X,?,?,?,?,?,1,?,?,X,?,4,B,?,?,?,?
crazymonkeystudios.com/,Belgium,Crazy Monkey Studios,?,X,?,?,?,?,?,4,?,?,X,?,4,B,?,?,?,?
crazypanda.ru/ru/,Russia,Crazy Panda,?,?,X,?,?,?,?,5,?,?,-,?,-,-,?,?,?,?
crazypandagames.com/en/,Russia,Crazy Panda Games,?,?,X,?,?,?,?,5,?,?,-,?,-,-,?,?,?,?
creasaur.net/,Turkey,CreaSaur,?,?,X,?,?,?,?,4,?,?,-,?,-,-,?,?,?,?
creative-assembly.com/,UK,Creative Assembly,Sega,X,?,?,?,X,?,40,?,?,X,?,13,A,?,?,?,?
creative-mobile.com/,Estonia,Creative Mobile,?,?,X,?,?,?,?,25,?,?,-,?,-,-,?,?,?,?
creativeforge.pl/,Poland,CreativeForge Games,?,X,?,?,?,?,?,3,?,?,X,?,8,A,?,?,?,?
crema.gg/,Spain,Crema,?,X,?,?,?,X,?,4,?,?,X,?,7,B,?,?,?,?
creoteam.com/,Ukraine,Creoteam,?,X,?,?,?,?,?,1,?,X,X,itch.io/,4,B,?,?,?,?
criteriongames.com/,UK,Criterion Games,Electronic Arts,X,?,?,?,X,?,17,?,?,X,?,10,A,?,?,?,?
critical-bit.com/,Netherlands,Critical Bit,?,X,X,?,?,?,?,7,?,?,X,?,2,C,?,?,?,?
criticalcharm.com/,Finland,Critical Charm,?,X,?,X,X,?,?,1,?,?,X,?,2,C,?,?,?,?
criticalforce.fi/,Finland,Critical Force Entertainment,?,?,X,?,?,?,?,1,?,?,-,?,-,-,?,?,?,?
critique-gaming.com/,Romania,Critique Gaming,Mixtvision,X,?,?,?,?,?,1,?,?,X,?,2,C,?,?,?,?
crossinganswers.com/#/,Portugal,Crossing answers,?,X,?,?,?,X,?,3,?,?,X,?,2,C,?,?,?,?
crossroadsinngame.com/en/kraken-unleashed-studio-2/,Poland,Kraken Unleashed,Klabater,X,?,?,?,?,?,1,?,?,X,?,4,B,?,?,?,?
croteam.com/,Croatia,Croteam,Devolver Digital,X,?,X,?,?,?,13,?,?,X,?,9,A,?,?,?,?
crownadam.com/apps_games_de.html,Switzerland,Crown Adam,?,X,X,?,?,?,?,4,?,O,X,bigfishgames.com/,1,C,?,?,?,?
crowscrowscrows.com/,Germany,Crows Crows Crows,?,X,X,X,?,X,?,7,?,?,X,?,5,B,?,?,?,?
crunchyleafgames.com/,Germany,Crunchy Leaf Games,?,X,?,?,?,?,?,3,?,X,X,humblebundle.com/,2,C,?,?,?,?
crystalshard.net/,Netherlands,Crystal Shard Games,?,X,?,?,?,?,?,18,?,?,X,?,3,C,?,?,?,?
crytek.com/,Germany,Crytek,?,X,?,?,?,X,?,11,?,X,X,Unknown,12,A,?,?,?,?
cult.software/,Latvia,Cult Software,?,X,?,?,?,?,?,5,?,?,X,?,3,C,?,?,?,?
cyanide-studio.com/home,France,Cyanide Studio,?,X,?,?,?,X,?,41,?,?,X,?,10,A,?,?,?,?
cybercoconut.com/,Italy,Cyber Coconut,?,X,X,?,?,?,?,1,?,?,X,?,2,C,?,?,?,?
cyberless.cf/?i=1,Turkey,Team Cyberless,?,X,?,?,?,?,?,1,?,?,X,?,2,C,?,?,X,?
cybernautica.cz/,Czech Republic,Cybernautica,?,?,X,?,?,?,?,7,?,?,-,?,-,-,?,?,?,?
cyberneticwalrus.com/,Belgium,Cybernetic Walrus,Iceberg Interactive,X,?,?,?,X,?,1,?,?,X,?,4,B,?,?,?,?
cybernetikdesign.com/,Spain,Cybernetik Design,?,X,?,?,?,?,?,1,?,?,X,?,4,B,?,?,?,?
cybertime-games.ru/,Russia,Cybertime Games,?,X,?,?,?,?,?,3,?,?,X,?,4,B,?,?,?,?
cyclonestudios.co.uk/,Norway,CycloneStudios,?,X,?,?,?,?,?,1,?,?,X,?,1,C,?,?,?,?
cypest.net/,Germany,Gravitation Art,?,X,?,?,?,?,?,1,?,?,X,?,1,C,?,?,?,?
cypronia.com/,Slovenia,Cypronia,?,X,X,?,?,X,?,59,?,?,X,?,6,B,?,?,?,?
czechgames.com/,Czech Republic,CGE Digital,?,X,?,?,?,?,?,2,?,?,X,?,2,C,?,?,?,?
daedalic.com/,Germany,Daedalic Entertainment,Daedalic Entertainment,X,X,?,?,X,?,21,?,?,X,?,10,A,X,?,?,?
dailymagic.info/,Russia,Daily Magic Productions,?,X,X,?,?,?,?,27,?,O,X,bigfishgames.com/,3,C,?,?,?,?
dali.games/,Poland,Dali Games,?,X,X,?,?,?,?,1,?,?,X,?,4,B,?,?,?,?
dampgnat.com/,UK,Damp Gnat,?,X,X,?,?,?,?,2,?,?,X,?,2,C,?,?,?,?
dansmithstudios.com/,UK,Dan Smith Studios,Ripstone,X,?,?,?,X,?,2,?,?,X,?,4,B,?,?,?,?
darewise.com/,France,Darewise Entertainment,?,X,?,?,?,?,?,1,?,X,X,xsolla.com/,8,A,?,?,X,?
dark-1.com/,Macedonia,Dark-1,?,X,?,?,?,?,?,4,?,X,X,stripe.com/,2,C,?,?,?,?
darkcrystalgames.com/,Russia,Dark Crystal Games,Black Tower Entertainment,X,?,?,?,?,?,1,?,?,X,?,8,A,?,?,?,?
darkdevotion.fr/,France,Hibernian Workshop,?,X,?,?,?,?,?,1,?,?,X,?,4,B,?,?,?,?
darkduogames.co.uk/,UK,Dark Duo Games,?,X,?,?,?,X,?,1,?,?,X,?,2,C,?,?,?,?
darklingroom.co.uk/,UK,Darkling Room,?,X,?,?,?,?,?,8,?,?,X,?,3,C,?,?,?,?
darknight-studio.co.uk/,UK,DarkNight-Studio,?,X,?,?,?,?,?,3,?,?,X,?,1,C,?,?,?,?
datcroft.com/,UK,Datcroft,?,X,X,?,?,?,X,6,?,?,X,?,8,A,?,?,?,?
davekki.com/,UK,D'Avekki Studios,?,X,?,?,?,?,?,2,?,X,X,paypal.com/,2,C,?,?,?,?
dawnofplay.com/,Slovenia,Dawn of Play,?,?,X,?,?,?,?,4,?,?,-,?,-,-,?,?,?,?
dazzle.rocks/,Finland,Dazzle rocks,?,?,X,?,?,?,?,1,?,?,-,?,-,-,?,?,?,?
deadhunters.com/,Hungary,Profondium Games,?,X,?,?,?,?,?,1,?,?,X,?,4,B,?,?,X,?
deadpangames.com/,UK,Deadpan Games,The Yogscast,X,?,?,?,X,?,1,?,?,X,?,2,C,?,?,?,?
deadtoast.com/,Sweden,DeadToast Entertainment,Devolver Digital,X,?,?,?,?,?,12,?,?,X,?,5,B,?,?,?,?
deathball.net/supragames/,Germany,SupraGames,?,X,?,?,?,?,?,3,?,?,X,?,4,B,?,?,?,?
deceptive-games.com/,UK,Deceptive Games,?,X,X,X,?,?,?,7,?,?,X,?,5,B,?,?,?,?
deck13.com/,Germany,Deck13 Interactive,?,X,?,?,?,X,?,17,?,?,X,?,10,A,?,?,?,?
deconstructeam.tumblr.com/games,Spain,Deconstruction team,Devolver Digital,X,?,?,?,?,X,16,?,X,X,Unknown,3,C,?,?,?,?
degenerals.com/,Poland,DeGenerals,PlayWay S.A.,X,?,?,?,?,?,1,?,?,X,?,4,B,?,?,?,?
deimos.games/,France,Deimos Games Development,?,X,?,?,?,?,?,1,?,?,X,?,4,B,?,?,?,?
delveinteractive.com/,UK,Delve Interactive,?,X,X,?,?,X,?,2,?,?,X,?,4,B,?,?,?,?
denki.co.uk/,UK,Denki,Curve Digital,X,?,?,?,X,?,4,?,?,X,?,4,B,?,?,?,?
deqaf.com/,Russia,DeqafStudio,?,X,X,?,?,?,?,9,?,?,X,?,3,C,?,?,?,?
desktopdaydreams.com/,UK,Desktop Daydreams,?,X,X,?,?,?,?,3,?,?,X,?,4,B,?,?,?,?
destenebres.com/,France,Le Studio des Ténèbres,?,X,X,?,?,?,?,3,?,?,X,?,2,C,?,?,?,?
destructivecreations.pl/,Poland,Destructive Creations,Destructive Creations,X,?,?,?,X,?,3,?,?,X,?,8,A,X,?,?,?
detach-entertainment.com/,Germany,Detach Entertainment,?,X,?,?,?,?,?,1,?,?,X,?,2,C,?,?,?,?
deuscraft.com/,Russia,Deus Craft,?,?,X,?,?,?,?,40,?,?,-,?,-,-,?,?,?,?
dev-zoo.net/,Germany,Developers Zoo,?,X,?,?,?,?,?,2,?,?,X,?,2,C,?,?,?,?
dev4play.com/,Poland,Dev4play,No Gravity Games,X,X,?,?,?,?,8,?,?,X,?,3,C,?,?,?,?
devalley-entertainment.com/,France,DEVALLEY STUDIO,?,X,X,?,?,?,?,11,?,?,X,?,2,C,?,?,?,?
devilishgames.com/en/games/,Spain,Devilish games,?,X,X,?,?,X,?,14,?,?,X,?,3,C,?,?,?,?
devioustech.com/,Romania,Devious Technologies,?,X,?,X,?,?,?,1,?,?,X,?,4,B,?,?,?,?
devm-games.com/,Sweden,Devm-Games,?,X,X,?,?,X,?,28,?,?,X,?,4,B,?,?,?,?
dg-company.com/,Kazakhstan,DreamGate,?,X,X,?,?,?,X,9,?,?,X,?,3,C,?,?,?,?
diabotical.com/,Sweden,The GD Studio,?,X,?,?,?,?,?,1,?,?,X,?,4,B,?,?,X,?
diamondbrickout.com/,UK,Takeover Interactive,?,?,X,?,?,?,?,1,?,?,-,?,-,-,?,?,?,?
dice.se/,Sweden,Dice,Electronic Arts,X,?,?,?,X,?,41,?,?,X,?,13,A,?,?,?,?
dienogames.com/,Finland,Dieno games,?,?,X,?,?,?,?,3,?,?,-,?,-,-,?,?,?,?
differenttales.com/,Poland,Different Tales,Walkabout,X,X,?,?,X,?,2,?,?,X,?,2,C,?,?,?,?
digidiced.com/,Germany,DIGIDICED,?,X,X,?,?,?,?,11,?,?,X,?,2,C,?,?,?,?
digital-arrow.com/,Serbia,Digital arrow,THQ Nordic,X,?,?,?,?,?,1,?,?,X,?,4,B,?,?,X,?
digital-legends.com/games.html,Spain,Digital Legends,?,?,X,?,?,?,?,16,?,?,-,?,-,-,?,?,?,?
digitalcombatsimulator.com/ru/,Russia,Eagle Dynamics,?,X,?,?,?,?,?,3,?,X,X,money.yandex.ru/,7,B,?,?,?,?
digitalcybercherries.com/,UK,Digital Cybercherries,?,X,?,X,?,?,?,2,?,?,X,?,4,B,?,?,?,?
digitaldreamsgames.com/,Netherlands,Digital Dreams,?,X,?,?,?,?,?,1,?,?,X,?,2,C,?,?,?,?
digitalmelody.eu/,Poland,Digital Melody,Forever Entertainment,X,X,?,?,X,?,32,?,?,X,?,3,C,?,?,?,?
digitalmindsoft.eu/,Germany,Digitalmindsoft,?,X,?,?,?,?,?,5,?,?,X,?,5,B,?,?,?,?
digitalsungames.com/#games,Spain,Digital Sun Games ,11 bit studios,X,?,?,?,?,?,1,?,?,X,?,4,B,?,?,?,?
digitgaming.com/,Ireland,Digit Game Studios,?,?,X,?,?,?,?,2,?,?,-,?,-,-,?,?,?,?
digixart.com/,France,Digixart Entertainment,?,X,X,?,?,X,?,2,?,?,X,?,4,B,?,?,?,?
dimfroststudio.com/,Sweden,Dimfrost Studios,?,X,?,X,X,?,?,2,?,?,X,?,4,B,?,?,?,?
dinoboss.com/,UK,Dino Boss,?,?,X,?,?,?,?,1,?,?,-,?,-,-,?,?,?,?
dirtybit.com/,Norway,Dirtybit,?,?,X,?,?,?,?,6,?,?,-,?,-,-,?,?,?,?
distantlantern.com/,UK,Distant Lantern,?,X,?,?,?,?,?,1,?,?,X,?,4,B,?,?,?,?
distinctivegames.com/,UK,Distinctive Developments,?,?,X,?,?,?,?,8,?,?,-,?,-,-,?,?,?,?
divertap.com/,Spain,Divertap,?,?,X,?,?,?,?,12,?,?,-,?,-,-,?,?,?,X
dlalastudios.com/,UK,Dlala Studios,?,X,?,?,?,X,?,4,?,?,X,?,4,B,?,?,?,?
dlsoftworks.com/,UK,DL Softworks,The Digital Puzzle Company,X,?,?,?,?,?,16,?,?,X,?,3,C,?,?,?,?
dnovel.com/,Russia,Dnovel,?,X,?,?,?,?,?,12,?,?,X,?,2,C,?,?,?,?
dobsware.com/,Portugal,Dobsware,?,?,X,?,?,?,?,18,?,?,-,?,-,-,?,?,?,?
dodreams.com/,Finland,Dodreams,?,?,X,?,?,?,?,2,?,?,-,?,-,-,?,?,?,?
dont-nod.com/en/,France,DONTNOD,?,X,?,?,?,X,?,7,?,?,X,?,9,A,?,?,?,?
dontbitedevs.com/,Poland,Don't Bite Devs,No Gravity Games,X,?,?,?,?,?,3,?,?,X,?,2,C,?,?,?,?
doomsterentertainment.com/,Sweden,Doomster Entertainment,?,X,?,X,?,X,?,7,?,?,X,?,5,B,?,?,?,?
doorfortyfour.com/,Austria,Door Forty Four,?,X,?,?,?,?,?,1,?,?,X,?,4,B,?,?,?,?
doradogames.com/,Malta,Dorado Games,?,X,?,?,?,?,X,2,?,?,X,?,2,C,?,?,?,?
dorisandthedragon.com/,UK,Arrogant Pixel,?,X,X,?,?,?,?,2,?,?,X,?,2,C,?,?,?,?
dotemu.com/,France,DotEmu,DotEmu,X,X,?,?,?,?,23,?,?,X,?,4,B,X,?,?,?
double11.com/,UK,Double Eleven,Double Eleven,X,X,?,?,X,?,5,?,?,X,?,5,B,X,?,?,?
doubledutchgames.com/,Netherlands,DoubleDutch Games,tinyBuild,X,?,?,?,X,?,1,?,?,X,?,2,C,?,?,?,?
doublequotestudio.com/,Slovenia,Doublequote Studio,?,X,?,?,?,?,?,1,?,?,X,?,4,B,?,?,?,?
dovetailgames.com/,UK,Dovetail Games,?,X,?,?,?,?,?,8,?,?,X,?,5,B,?,?,?,?
dpadstudio.com/index.html,Norway,D-Pad Studio,?,X,X,?,?,X,?,3,?,?,X,?,4,B,?,?,?,?
drageusgames.com/,Poland,Drageus Games,?,X,?,?,?,X,?,27,?,?,X,?,6,B,?,?,?,?
drago-entertainment.com/,Poland,Drago Entertainment,Movie Games S.A.,X,?,?,?,?,?,12,?,?,X,?,5,B,?,?,?,?
dragonbox.com/,Norway,Dragonbox,?,?,X,?,?,?,?,6,?,?,-,?,-,-,?,?,?,?
drakharstudio.com/,Spain,Drakhar Studio,BadLand Publishing,X,X,?,?,X,?,4,?,?,X,?,2,C,?,?,?,?
drakkardev.com/,Italy,Drakkar Dev,?,X,X,?,?,?,?,7,?,?,X,?,5,B,?,?,?,?
drawdistance.dev/,Poland,Draw Distance,?,X,?,?,?,X,?,4,?,?,X,?,8,A,?,?,?,?
dream-side.com/,Russia,Dreamside Interactive,?,X,?,?,?,?,?,3,?,?,X,?,7,B,?,?,?,?
dreamloop.net/,Finland,Dreamloop Games,?,X,?,?,?,X,?,1,?,?,X,?,2,C,?,?,?,?
dreamssoftgames.com/,Spain,DreamsSoftGames,?,X,?,?,?,?,?,7,?,?,X,?,5,B,?,?,?,?
dreamteck.io/,Bulgaria,Dreamtek,?,X,X,?,?,?,?,1,?,?,X,?,2,C,?,?,X,?
drmedont.wixsite.com/toyman,Russia,Toyman Interactive,Buka Entertainment,X,X,?,?,?,?,13,?,O,X,bigfishgames.com/,2,C,?,?,?,?
dtales.it/,Italy,Digital Tales,?,?,X,?,?,?,?,5,?,?,-,?,-,-,?,?,?,?
dualitygames.eu/,Poland,Duality Games,?,X,?,?,?,?,?,5,?,?,X,?,5,B,?,?,?,?
dualthegame.com/en/,France,Novaquark,?,X,?,?,?,?,?,1,?,X,X,xsolla.com/,8,A,?,?,X,?
ducats-games.com/ru/,Russia,DuCats Games,?,X,?,?,?,?,?,4,?,?,X,?,4,B,?,?,?,?
ducks-on-the-water.com/,Germany,Ducks on the Water,?,?,X,?,?,?,?,6,?,?,-,?,-,-,?,?,?,?
duellogames.com/,Turkey,Duello Iletisim Hizmetleri,?,?,X,?,?,?,?,5,?,?,-,?,-,-,?,?,?,?
dustwind.com/,Germany,Dustwind Studios,Z-Software,X,?,?,?,?,?,1,?,X,X,pay.super.com/,8,A,?,?,?,?
dyadicgames.com/,Austria,Dyadic Games,?,X,?,?,?,?,?,1,?,?,X,?,2,C,?,?,?,?
dyagames.com/,Spain,DYA Games,?,X,?,?,?,X,?,4,?,?,X,?,4,B,?,?,?,?
dynamicpixels.com/home,Russia,Dynamic Pixels,?,X,?,?,?,?,?,1,?,?,X,?,4,B,?,?,?,?
ea.com/studios/ghost-games,Sweden,Ghost Games ,Electronic Arts,X,?,?,?,?,?,4,?,?,X,?,8,A,?,?,?,?
eageramoeba.co.uk/,UK,Eager Amoeba,?,X,?,?,?,?,?,1,?,?,X,?,1,C,?,?,?,?
eagleislandgame.com/,UK,PixelCount Studios,Screenwave Media,X,?,?,?,X,?,1,?,?,X,?,4,B,?,?,?,?
earthboundgames.com/,UK,Earthbound Games,?,X,?,?,?,?,?,1,?,?,X,?,4,B,?,?,?,?
easytrigger.com/,Sweden,Easy Trigger Games,Coffee Stain Publishing,X,?,?,?,?,?,1,?,?,X,?,4,B,?,?,?,?
eatcreatesleep.net/,Sweden,Eat Create Sleep,?,X,?,?,?,?,?,3,?,?,X,?,4,B,?,?,?,?
ebim-studio.com/,France,Ebim Studio,Plug In Digital,X,?,?,?,?,?,1,?,?,X,?,2,C,?,?,?,?
eccgames.pl/,Poland,ECC GAMES S.A.,?,X,?,?,?,?,?,2,?,?,X,?,4,B,?,?,?,?
edengames.com/,France,Eden Games,?,X,X,?,?,X,?,14,?,?,X,?,9,A,?,?,?,?
ediogames.com/en/home/index,France,Ediogames,?,X,X,?,?,?,?,1,?,X,X,Unknown,2,C,?,?,?,X
eeldev.com/,Sweden,Dry Eel Development,?,X,?,?,?,?,?,2,?,?,X,?,4,B,?,?,?,?
egosoft.com/,Germany,Egosoft,?,X,?,?,?,?,?,8,?,?,X,?,9,A,?,?,?,?
eidemiurge.itch.io/eidolons,Russia,Wyrmring,?,X,?,?,?,?,?,1,?,?,X,?,4,B,?,?,?,?
eightpixelssquare.com/,UK,EightPixelsSquare,?,?,X,?,?,?,?,5,?,?,-,?,-,-,?,?,?,?
eightyeightgames.com/,UK,EightyEight Games,?,?,X,?,?,?,?,4,?,?,-,?,-,-,?,?,?,?
eipix.com/,Serbia,Eipix,?,X,X,X,?,?,?,124,?,O,X,bigfishgames.com/,4,B,?,?,?,?
ejr.com.pl/ejr/intro.php,Poland,EJRGames,?,X,?,X,?,?,?,11,?,?,X,?,3,C,?,?,?,?
ekosystem.com/,France,Ekosystem,?,X,?,?,?,X,?,33,?,?,X,?,6,B,?,?,?,?
eldenpixels.com/,Sweden,Elden Pixels,?,X,?,?,?,?,?,2,?,?,X,?,2,C,?,?,?,?
eldgames.com/,Hungary,Elder Games,Headup,X,?,?,?,?,?,1,?,?,X,?,8,A,?,?,X,?
eldring.se/,Sweden,Eldring Games,?,?,X,?,?,?,?,4,?,?,-,?,-,-,?,?,?,?
electricsquare.com/,UK,Electric Square,?,X,X,?,?,?,?,1,?,?,X,?,4,B,?,?,?,?
electronstudio.co.uk/,UK,Electron Studio,?,X,?,?,?,?,?,1,?,?,X,?,2,C,?,?,?,?
elephant-games.com/,Russia,Elephant Games,Big Fish Games,X,X,?,?,?,?,120,?,O,X,bigfishgames.com/,3,C,?,?,?,?
elfgames.com/,Italy,Elf Game Works,?,X,?,?,?,?,?,3,?,?,X,?,2,C,?,?,?,?
elladagames.com/,Russia,Ellada Games,?,X,?,?,?,X,?,4,?,?,X,?,2,C,?,?,?,?
elmarion.ru/,Russia,Elmarion,?,X,?,?,?,?,?,1,?,?,X,?,4,B,?,?,?,?
elvista.net/,Russia,Elvista Media Solutions,?,?,X,?,?,?,?,9,?,?,-,?,-,-,?,?,?,?
emallstudio.com/,Russia,EM ALL Studio,?,?,X,?,?,?,?,6,?,?,-,?,-,-,?,X,?,?
emberheartgames.com/,Slovenia,Emberheart Games,?,X,?,?,?,?,?,1,?,?,X,?,4,B,?,?,?,?
empiresinruins.com/,Estonia,Hammer&Ravens,?,X,?,?,?,?,?,2,?,?,X,?,4,B,?,?,?,?
empyrean.games/,Poland,Empyrean games,?,X,?,X,?,?,?,9,?,?,X,?,5,B,?,?,?,?
en.dreadlocks.cz/,Czech Republic,Dreadlocks,?,X,X,?,?,?,?,4,?,X,X,humblebundle.com/,4,B,?,?,?,?
encirclegames.com/,Norway,Encircle Games,?,X,?,?,?,?,?,2,?,?,X,?,4,B,?,?,?,?
eng.bestway.com.ua/,Ukraine,Best Way,1C,X,?,?,?,?,?,4,?,?,X,?,4,B,?,?,?,?
engine-software.com/,Netherlands,Engine Software,?,X,X,?,?,X,?,31,?,?,X,?,6,B,?,?,?,?
enplexgames.com/#about,Russia,Enplex Games,?,X,?,?,?,?,?,1,?,X,-,xsolla.com/,7,B,?,?,X,?
entertainmentforge.com/,Serbia,Entertainment Forge,GrabTheGames,X,?,?,?,?,?,4,?,?,X,?,2,C,?,?,?,?
entwickler-x.de/,Germany,EntwicklerX,?,X,X,?,?,X,?,13,?,?,X,?,3,C,?,?,?,?
epgames.eu/,Spain,EP Games,?,X,X,X,?,X,?,7,?,?,X,?,3,C,?,?,?,?
erepubliklabs.com/,Romania,Erepubliklabs,?,?,X,?,?,?,?,7,?,?,-,?,-,-,?,?,?,?
eugensystems.com/,France,Eugen Systems,?,X,?,?,?,?,?,7,?,X,X,humblebundle.com/,9,A,?,?,?,?
evdaimon.com/,Greece,Evdaimon Games,?,X,X,?,?,?,X,4,?,?,X,?,2,C,?,?,?,?
evehor.com/,Poland,Event Horizon,?,X,?,?,?,X,?,2,?,?,X,?,8,A,?,?,?,?
evilcg.com/,Russia,Evil Corporation Games,?,X,?,?,?,?,?,4,?,?,X,?,4,B,?,?,?,?
evilgamesstudios.wixsite.com/stalin,Russia,Electro Stalin Entertainment,?,X,?,?,?,?,?,5,?,?,X,?,3,C,?,?,?,?
evilindiegames.com/,Poland,Evil Indie Games,?,X,X,?,?,?,?,11,?,?,X,?,3,C,?,?,?,?
evilstarstudios.com/home,Romania,EvilStar Studios,?,X,?,?,?,?,?,2,?,?,X,?,4,B,?,?,?,?
eviltwinartworks.com/,UK,Evil Twin Artworks,?,X,X,?,?,?,?,4,?,?,X,?,4,B,?,?,?,?
evilvideogames.com/,UK,EVIL GAMES,?,X,?,?,?,?,?,1,?,?,X,?,4,B,?,?,?,?
evolutastudio.com/ru/,Russia,Evoluta Studio,?,X,X,?,?,?,?,2,?,?,X,?,2,C,?,?,?,?
excalisoft.com/,Netherlands,Excalisoft,?,?,X,?,?,?,?,2,?,?,-,?,-,-,?,?,?,?
excubitorgame.com/?fbclid=IwAR0lKHVQNHnjWM-1_OpTm6OMUFJ2bwLp6CnDYpR5ExtGPtU6giOWdGJ9EdQ,Macedonia,Tesseract Interactive,Kasedo Games,X,?,?,?,?,?,1,?,?,X,?,4,B,?,?,?,?
executiveassault.com/ea1/,UK,Hesketh Games,?,X,?,?,?,?,?,2,?,?,X,?,4,B,?,?,?,?
exiin.com/,Belgium,EXiin,?,X,X,?,?,?,?,2,?,?,X,?,4,B,?,?,?,?
exordiumgames.com/,Croatia,Exordium games,?,X,X,?,?,X,?,6,?,?,X,?,3,C,?,?,?,?
exorstudios.com/,Poland,EXOR Studios,?,X,?,?,?,?,?,4,?,?,X,?,4,B,?,?,?,?
expansiveworlds.com/,Sweden,Expansive Worlds,?,X,?,?,?,?,?,1,?,?,X,?,4,B,?,?,?,?
expatpixel.games/,France,Expat Pixel Games,?,X,?,?,?,?,?,1,?,?,X,?,4,B,?,?,?,?
experiment101.com/,Sweden,Experiment 101,THQ Nordic,X,?,?,?,X,?,1,?,?,X,?,8,A,?,?,X,?
extendmode.com/,UK,Extend Mode,?,X,?,?,?,?,?,2,?,?,X,?,4,B,?,?,?,?
fabrikgames.com/,UK,Fabrik Games,?,X,?,X,?,?,?,2,?,?,X,?,4,B,?,?,?,?
facebook.com/88mmGames,Romania,88mm Games,?,X,X,?,?,?,?,3,?,?,X,?,4,B,?,?,?,?
facebook.com/badbuttonstudio/,Azerbaijan,Bad Button Studio,?,X,X,?,?,?,?,1,?,?,X,?,4,B,?,?,X,?
facebook.com/BadVicesGames/?ref=py_c,Italy,Bad Vices Games,Valkyrie Initiative,X,?,?,?,?,?,1,?,?,X,?,4,B,?,?,?,?
facebook.com/blacklandgames/,Belgium,Black Land Studio,?,X,?,?,?,?,?,1,?,?,X,?,1,C,?,?,?,?
facebook.com/BlazingPlanetStudio/,Russia,Blazing Planet Studio,?,X,X,?,?,?,?,3,?,?,X,?,2,C,?,?,?,?
facebook.com/bossgard/,Romania,Sand Sailor Studio,?,X,?,?,?,?,?,2,?,?,X,?,4,B,?,?,?,?
facebook.com/EpicDevs/,Bulgaria,Epic Devs,Assemble Entertainment,X,X,?,?,?,?,3,?,?,X,?,4,B,?,?,?,?
facebook.com/evogamesllc/,Moldavia,Standard EVO Games,?,X,?,?,?,?,?,1,?,?,X,?,2,C,?,?,?,?
facebook.com/FirstGamesInteractive/,Russia,First Games Interactive,?,X,?,?,?,?,?,5,?,?,X,?,3,C,?,?,?,?
facebook.com/ForeverYoungGames/,Hungary,Forever Young Games,?,X,?,?,?,?,?,5,?,?,X,?,3,C,?,?,?,?
facebook.com/FossettGaming/,UK,FossettGaming,?,X,?,?,?,?,?,3,?,?,X,?,2,C,?,?,?,?
facebook.com/friskyfatal/,Serbia,Frisky Fatal Games,Meridean 4,X,?,?,?,?,?,1,?,?,X,?,2,C,?,?,?,?
facebook.com/FurGoldGames/,Russia,FurGoldGames,?,X,?,?,?,?,?,5,?,?,X,?,3,C,?,?,?,?
facebook.com/G.TechAtolye/,Turkey,G-Tech Atolye,?,X,?,?,?,?,?,1,?,?,X,?,4,B,?,?,?,?
facebook.com/GameDevWI/,Poland,Winged Imagination,?,X,?,?,?,?,?,1,?,?,X,?,2,C,?,?,?,?
facebook.com/Hamstercube/,Poland,Hamstercube,?,X,?,?,?,?,?,2,?,?,X,?,4,B,?,?,?,?
facebook.com/HeavenBrotherhood/,Russia,HeavenBrotherhood,?,X,?,?,?,?,?,3,?,?,X,?,2,C,?,?,?,?
facebook.com/hgg.indie.5,Russia,Hardcore Game Gear Indie,?,X,?,?,?,?,?,1,?,?,X,?,2,C,?,?,?,?
facebook.com/Just1337-1640570739530549/,Croatia,Just1337 Studio,?,X,?,?,?,?,?,20,?,?,X,?,3,C,?,?,?,?
facebook.com/koderasoftware/,Poland,Kodera Software,?,X,?,?,?,?,?,1,?,?,X,?,4,B,?,?,?,?
facebook.com/Kubifaktorium/,Germany,MirkoStudio Games,?,X,?,?,?,?,?,2,?,?,X,?,4,B,?,?,?,?
facebook.com/Kuklam-studios-162018707749220/,Poland,Kuklam studios,?,X,?,?,?,?,?,2,?,?,X,?,4,B,?,?,?,?
facebook.com/LighthouseGames/,UK,Lighthouse Games Studio,?,X,X,?,?,?,?,4,?,?,X,?,2,C,?,?,?,?
facebook.com/lizardfactorygames/,Denmark,The Lizard Factory,?,X,?,?,?,?,?,4,?,?,X,?,2,C,?,?,?,?
facebook.com/MasterCode-2096291623793928/,Poland,MasterCode,Ultimate Games S.A.,X,?,?,?,?,?,2,?,?,X,?,4,B,?,?,?,?
facebook.com/mehangames/,Turkey,Mehan Games,?,X,?,?,?,?,?,1,?,?,X,?,4,B,?,?,?,?
facebook.com/myoubouh.corp/,Switzerland,Myoubouh Corp,?,X,?,?,?,?,?,3,?,?,X,?,2,C,?,?,?,?
facebook.com/pages/category/Video-Game/Cheeki-Breeki-Games-269290120672755/,Ukraine,Cheeki Breeki Games,?,X,?,?,?,?,?,2,?,?,X,?,2,C,?,?,?,?
facebook.com/pirate.parrot.software,Ukraine,Pirate Parrot,?,X,X,?,?,?,?,1,?,?,X,?,2,C,?,?,?,?
facebook.com/ProjectorGames/,UK,ProjectorGames,?,X,?,?,?,?,?,7,?,?,X,?,5,B,?,?,?,?
facebook.com/proximitygames/,Turkey,Proksimiti Games,?,X,?,?,?,?,?,5,?,?,X,?,3,C,?,?,?,?
facebook.com/pugwaredev/,UK,Pugware,?,X,?,?,?,?,?,5,?,?,X,?,3,C,?,?,?,?
facebook.com/PyroMobileGames/,Spain,Pyro Studios,Kalypso Media Digital,X,X,?,?,?,?,7,?,?,X,?,5,B,?,?,?,?
facebook.com/RawVengeanceGames/,Germany,Raw Vengeance Games,?,X,?,?,?,?,?,1,?,X,X,xsolla.com/,7,B,?,?,X,?
facebook.com/secondrealitystudio/,Ukraine,Second Reality Official,?,X,X,?,?,?,?,3,?,?,X,?,2,C,?,?,?,?
facebook.com/shockwork/,Poland,Shockwork Games,No Gravity Games,X,?,?,?,?,?,1,?,?,X,?,4,B,?,?,?,?
facebook.com/snakescape/,Russia,Rock Path Collective,Hase Games,X,?,?,?,?,?,3,?,?,X,?,2,C,?,?,?,?
facebook.com/solid9studio/,Poland,Solid9 Studio,?,X,?,?,?,?,?,2,?,?,X,?,4,B,?,?,?,?
facebook.com/supervoidgames/,Russia,SUPERVOID,?,X,X,?,?,?,?,2,?,?,X,?,2,C,?,?,?,?
facebook.com/tauronglyph/?ref=bookmarks,Russia,Tauron Glyph,?,X,?,?,?,?,?,1,?,?,X,?,2,C,?,?,?,?
facebook.com/theBratansInc/,Russia,The Bratans Inc.,?,X,?,?,?,?,?,2,?,?,X,?,2,C,?,?,?,?
facebook.com/TheMoonwalls/,Poland,The Moonwalls,?,X,?,?,?,X,?,2,?,?,X,?,4,B,?,?,?,?
