latitude,longitude,Country,Website,Studio,Publisher,PC,Mobile,VR,VR only,Console,Browser games
61.92411,25.748151,Finland,10tons.com/,10tons,?,X,X,?,?,?,?
51.919438,19.145136,Poland,11bitstudios.com/,11 bit studios,11 bit studios,X,X,?,?,X,?
64.963051,-19.020835,Iceland,1939games.com/,1939 Games,?,X,?,?,?,?,?
46.227638,2.213749,France,1button.co/,1Button,?,?,X,?,?,?,?
61.52401,105.318756,Russia,1c.games/ru/,1C Games,1C,X,?,?,?,X,?
,,UK,1ccgames.com/,1CC Games,Black Shell Media,X,?,?,?,X,?
,,UK,22cans.com/,22cans,?,X,X,?,?,?,?
60.128161,18.643501,Sweden,2play.se/,2Play Studios,?,X,?,?,?,?,?
61.52401,105.318756,Russia,2zombie.com/,2 Zombie Games,?,X,X,?,?,X,?
41.87194,12.56738,Italy,34bigthings.com/,34 Big Things,34 Big Things,X,?,?,?,?,?
40.463667,-3.74922,Spain,3d2entertainment.com/,3D2Entertainment,?,X,?,?,?,?,?
41.87194,12.56738,Italy,3dclouds.it/,3DClouds,?,X,?,?,?,?,?
46.151241,14.995463,Slovenia,3division.net/newweb/index.html,3division,?,X,?,?,?,?,?
44.016521,21.005859,Serbia,3heroesstudio.com/,3 heroes studio,?,?,X,?,?,?,?
61.92411,25.748151,Finland,3rdeyestudios.fi/#home-section,3rd eye studios,?,X,?,X,?,?,?
48.379433,31.16558,Ukraine,4a-games.com/,4A Games,?,X,?,?,?,X,?
60.472024,8.468946,Norway,4bitgames.com/,4Bit Games,?,X,?,?,?,X,?
47.162494,19.503304,Hungary,4flash0.webnode.hu/,4Flash Interactive,?,?,X,?,?,?,?
53.709807,27.953389,Belarus,4ilab.io/,4ilab,?,X,?,X,X,?,?
56.26392,9.501785,Denmark,5thplanetgames.com/,5th Planet Games,?,?,X,?,?,?,?
53.41291,-8.24389,Ireland,9thimpact.com/,9th Impact,?,?,X,?,?,?,?
,,UK,a2zinteractive.net/,a2z Interactive,?,X,?,?,?,?,?
,,UK,abandonshipgame.com/,Fireblade Software,?,X,?,?,?,?,?
52.132633,5.291266,Netherlands,abbeygames.com/,Abbey Games,?,X,?,?,?,?,?
51.165691,10.451526,Germany,abinteractive.net/,Alpha Blend Interactive,?,X,?,X,X,?,?
60.472024,8.468946,Norway,ablemagic.no/,Ablemagic,?,?,X,?,?,?,?
49.817492,15.472962,Czech Republic,about-fun.com/home,About fun,?,?,X,?,?,?,?
50.503887,4.469936,Belgium,abrakam.com/,Abrakam,?,X,?,?,?,?,?
40.463667,-3.74922,Spain,abramelingames.com/,Abramelin Games,?,X,?,?,?,X,?
,,UK,abraveplan.com/,A Brave Plan,Bossa Studios,X,?,?,?,?,?
48.379433,31.16558,Ukraine,absolutist.ru/,Absolutist,?,X,X,?,?,?,?
61.52401,105.318756,Russia,absolutsoft.com/,AbsolutSoft,?,X,?,?,?,?,?
52.132633,5.291266,Netherlands,abstraction.games/,Abstraction,?,X,X,?,?,X,?
40.463667,-3.74922,Spain,abylight.com/games/,Abylight Studio,?,?,X,?,?,?,?
41.87194,12.56738,Italy,abyteentertainment.com/,Abyte Entertainment,?,X,X,?,?,?,?
46.227638,2.213749,France,accidentalqueens.com/,Accidental Queens,?,X,?,?,?,?,?
60.128161,18.643501,Sweden,acemaddox.com/,Ace Maddox,?,X,?,?,?,X,?
,,UK,aceviral.com/,Aceviral,?,?,X,?,?,?,?
,,UK,acidnerve.com/,Acid Nerve,?,X,X,?,?,?,?
51.919438,19.145136,Poland,acidwizardstudio.com/,Acid Wizard Studio,?,X,?,?,?,X,?
60.128161,18.643501,Sweden,ackehallgren.com/,Acke Hallgren Games,?,X,?,?,?,?,?
56.26392,9.501785,Denmark,acrylec.com/,Acrylec Studios,?,X,?,?,?,?,?
46.151241,14.995463,Slovenia,actalogic.com/,Actalogic,?,X,?,?,?,?,?
61.92411,25.748151,Finland,actionreaction.games/,Action reaction games,?,?,X,?,?,?,?
61.92411,25.748151,Finland,actionsquadstudios.com/,Action Squad Studios,Daedalic Entertainment,X,?,?,?,?,?
61.92411,25.748151,Finland,actnormalgames.com/,Act Normal Games,?,X,?,?,?,?,?
40.463667,-3.74922,Spain,acucalypse.com/,Trifulca,?,X,?,?,?,?,?
,,UK,addictive247.com/,Addictive 247,?,X,X,?,?,?,?
61.92411,25.748151,Finland,addinspiration.com/,Add Inspiration,?,?,X,?,?,?,?
46.227638,2.213749,France,adictiz.com/fr/,Adictiz,?,?,X,?,?,?,?
,,UK,adoregames.com/,AdoreGames,?,?,X,?,?,?,?
61.52401,105.318756,Russia,adrovgames.com/,AdroVGames,?,X,?,?,?,?,?
46.227638,2.213749,France,advenworks.com/,Advenworks,?,?,X,?,?,?,?
,,UK,aegongames.com/,Aegon Games,?,X,?,?,?,?,?
51.165691,10.451526,Germany,aeonofsands.com/,Two Bits Kid,?,X,?,?,?,?,?
51.165691,10.451526,Germany,aesir-interactive.com/,Aesir Interactive GmbH,?,X,?,X,?,X,?
60.472024,8.468946,Norway,agens.no/,Agens,?,?,X,?,?,?,?
60.472024,8.468946,Norway,agensgames.com/,Agens games,?,?,X,?,?,?,?
46.227638,2.213749,France,ageod.com/,Ageod,Slitherine,X,?,?,?,?,?
51.165691,10.451526,Germany,agger-interactive.de/2019/e-index.htm,Agger Interactive,?,X,?,?,?,?,?
46.227638,2.213749,France,aghartastudio.com/,Agharta Studio,?,X,?,X,?,?,?
43.915886,17.679076,Bosnia and Herzegovina,ai-interactive.net/,AI Interactive,?,?,X,?,?,?,?
,,UK,aifactory.co.uk/,AI Factory,?,?,X,?,?,?,?
40.463667,-3.74922,Spain,akaonistudio.com/en/games.html,Akaoni Studio,?,?,X,?,?,?,?
61.52401,105.318756,Russia,aksweb.ru/,AK Studio,?,X,X,?,?,?,?
,,UK,alanzucconi.com/,Alan Zucconi,?,X,?,?,?,X,?
51.165691,10.451526,Germany,albiononline.com/ru/home,Sandbox Interactive,?,X,X,?,?,?,?
49.817492,15.472962,Czech Republic,aldagames.com/,Alda games,?,X,X,?,?,?,?
64.963051,-19.020835,Iceland,aldin.io/,Aldin Dynamics,?,X,?,X,X,?,?
61.52401,105.318756,Russia,alersteam.com/blog/,AlersTeam,GrabTheGames,X,?,?,?,?,?
53.709807,27.953389,Belarus,aliasworlds.com/,Aliasworlds,?,X,X,?,?,?,?
45.943161,24.96676,Romania,alienpixelstudios.com/#1,Alien Pixel Studios,?,X,?,?,?,?,?
,,UK,alightinchorus.com/,Broken Fence Games,?,X,?,?,?,?,?
38.963745,35.243322,Turkey,alkamegames.com/,AlkameGames,?,X,X,X,?,?,?
46.227638,2.213749,France,alkemi-games.com/,Alkemi,?,X,?,?,?,?,?
51.919438,19.145136,Poland,all-those-moments.com/,All Those Moments,Ultimate Games S.A.,X,?,?,?,?,?
46.227638,2.213749,France,almostgamestudio.com/,Almost Games Studio,Plug In Digital,X,?,?,?,?,?
,,UK,alphastrikegames.com/,Alpha Strike Games,?,X,X,?,?,?,?
40.463667,-3.74922,Spain,alpixelgames.com/,AlPixel Games,?,X,?,?,?,?,?
61.52401,105.318756,Russia,altar.games/ru/,ALTAR Games,?,X,?,?,?,?,?
40.463667,-3.74922,Spain,alteredmatter.com/,Altered Matter,Akupara Games,X,?,?,?,X,?
61.52401,105.318756,Russia,alternativa.games/,Alternativ Games,?,X,X,?,?,?,?
,,UK,alternativesoftware.com/,Alternative Software,Alternative Software,X,X,?,?,X,?
44.016521,21.005859,Serbia,altfuture.gg/,Altfuture,?,X,?,X,?,?,?
49.817492,15.472962,Czech Republic,amanita-design.net/,Amanita Design,?,X,X,?,?,?,?
61.52401,105.318756,Russia,ambidexter.io/,Ambidexter,?,?,X,?,?,?,?
47.516231,14.550072,Austria,ambieragames.com/,Ambiera,?,X,?,?,?,?,?
39.399872,-8.224454,Portugal,amplify.pt/,Amplify Creations,?,X,?,?,?,X,?
46.227638,2.213749,France,amplitude-studios.com/,Amplitude Studios,Sega,X,?,?,?,?,?
48.379433,31.16558,Ukraine,amrita.studio/,Amrita Studio,?,X,?,?,?,?,?
61.52401,105.318756,Russia,amt-games.com/,AMT games,?,?,X,?,?,?,?
,,UK,amusedsloth.com/,Amused Sloth,?,?,X,?,?,?,?
46.227638,2.213749,France,anarkisgaming.com/,Anarkis Gaming,?,X,?,?,?,?,?
60.128161,18.643501,Sweden,angrydemonstudio.com/,Angry Demon Studio,?,X,?,?,?,?,?
45.943161,24.96676,Romania,angrymobgames.com/,Angry Mob Games,?,X,X,?,?,X,?
51.165691,10.451526,Germany,animationarts.de/,Animation Arts GmbH,?,X,X,?,?,?,?
61.92411,25.748151,Finland,aniway.fi/,Aniway,?,?,X,?,?,?,?
46.227638,2.213749,France,ankama.com/en,Ankama,?,X,X,?,?,?,?
,,UK,anotherplaceproductions.com/,Another place productions,?,?,X,?,?,?,?
51.919438,19.145136,Poland,ansharstudios.com/,Ansharstudios,?,X,X,X,?,?,?
,,UK,ant-workshop.com/,Ant Workshop Ltd,?,X,X,?,?,?,?
60.472024,8.468946,Norway,antagonist.no/,Antagonist,?,X,?,?,?,?,?
60.472024,8.468946,Norway,antagonistgames.wixsite.com/home,Antagonist Games,1C,X,?,?,?,?,?
,,UK,antimattergames.com/,Antimatter Games,?,X,?,?,?,?,?
60.128161,18.643501,Sweden,antlerinteractive.com/,Antler Interactive,?,X,X,X,?,?,?
61.52401,105.318756,Russia,apexpoint.com/,ApexPoint,?,?,X,?,?,?,?
53.709807,27.953389,Belarus,apm2.studio/,APM2 Studio,?,?,X,?,?,?,?
60.128161,18.643501,Sweden,apoapsisstudios.com/,Apoapsis Studios,?,X,?,?,?,?,?
50.503887,4.469936,Belgium,appeal-studios.com/,Appeal Studios,?,X,?,?,?,X,?
55.169438,23.881275,Lithuania,applava.com/,Applava,?,X,X,?,?,X,?
60.128161,18.643501,Sweden,apprope.com/,Apprope,?,?,X,?,?,?,?
39.399872,-8.224454,Portugal,apps.lisbonlabs.com/,Lisbonlabs,?,?,X,?,?,?,?
61.52401,105.318756,Russia,appsministry.com/,Apps Ministry,?,?,X,?,?,?,?
,,UK,appynation.com/,AppyNation,?,?,X,?,?,?,?
60.128161,18.643501,Sweden,arcticfoxgamestudios.com/,Arctic Fox Game Studios,?,X,?,?,?,?,?
46.227638,2.213749,France,arkane-studios.com/en,Arkane Studios,?,X,?,?,?,X,?
61.92411,25.748151,Finland,armadainteractive.com/,Armada interactive,?,?,X,?,?,?,?
61.52401,105.318756,Russia,armaturgames.com/,Armatur Games,?,X,X,?,?,?,?
60.128161,18.643501,Sweden,arrowheadgamestudios.com/,Arrowhead Studios,?,X,?,?,?,X,?
51.919438,19.145136,Poland,art-games.com/,Art Games Studio S.A.,Art Games Studio S.A.,X,?,?,?,?,?
46.227638,2.213749,France,artefacts-studio.fr/,Artefacts Studio,?,X,X,?,?,X,?
51.919438,19.145136,Poland,artifexmundi.com/,Artifex Mundi,?,X,X,?,?,?,?
46.151241,14.995463,Slovenia,artingames.com/,Art in Games s.r.o.,?,?,X,?,?,?,?
41.87194,12.56738,Italy,artistic-minds.it/,Artistic Minds,?,X,?,?,?,?,?
49.817492,15.472962,Czech Republic,ascendantstudio.com/,Ascendant Studio,?,X,?,X,X,?,?
61.52401,105.318756,Russia,ashofgods.com/ru/,Aurum Dust,WhisperGames,X,?,?,?,X,?
46.227638,2.213749,France,asmodee-digital.com/en/,Asmodee Digital,Asmodee Digital,X,X,?,?,?,?
46.227638,2.213749,France,asobostudio.com/,Asobo Studio,?,X,?,?,?,X,?
,,UK,astraware.com/,Astraware,?,?,X,?,?,?,?
,,UK,astronomicgames.com/,Astronomic Games,?,X,?,?,?,?,?
53.709807,27.953389,Belarus,aterdux.com/ru/,Aterdux Entertainment,?,X,?,?,?,?,?
,,Moldavia,atomicfabrik.com/,Atomic Fabrik,Atomic Fabrik,X,?,?,?,?,?
,,UK,atomicom.co.uk/,Atomicom,?,X,X,?,?,X,?
,,UK,atomrepublic.com/,Atom Republic,?,X,?,?,?,?,?
49.817492,15.472962,Czech Republic,attugames.com/,Attu Games,?,X,?,?,?,?,?
45.943161,24.96676,Romania,atypicalgames.com/,Revo Solutions Games,?,X,X,?,?,X,?
,,UK,aurochdigital.com/,Auroch Digital,?,X,?,?,?,?,?
60.128161,18.643501,Sweden,avalanchestudios.com/,Avalanche Studios,?,X,?,?,?,X,?
46.227638,2.213749,France,avalon-digital.com/en,Avalon,?,X,?,?,?,?,?
,,UK,avokiddo.com/,Avokiddo,?,?,X,?,?,?,?
51.165691,10.451526,Germany,avorion.net/,Boxelware,?,X,?,?,?,?,?
53.709807,27.953389,Belarus,awem.com/,Awem Games,?,?,X,?,?,?,?
51.919438,19.145136,Poland,awesomegamesstudio.com/,Awesome Games Studio,?,X,?,?,?,?,?
51.165691,10.451526,Germany,awesomeprototype.com/,Awesome prototype,?,?,X,?,?,?,?
46.227638,2.213749,France,axc-games.com/,AXC GAMES,?,X,?,?,?,?,?
60.128161,18.643501,Sweden,axolotgames.com/,Axolot Games,Axolot Games,X,?,?,?,?,?
61.52401,105.318756,Russia,aygamesco.com/,AY Games,WhisperGames,X,?,?,?,?,?
40.143105,47.576927,Azerbaijan,azdimension.az/,AzDimension,?,X,X,?,?,?,?
61.52401,105.318756,Russia,azurgames.com/,Azur Games,?,?,X,?,?,?,?
51.165691,10.451526,Germany,b-alive.de/,B-alive,?,X,?,?,?,?,?
51.165691,10.451526,Germany,backwoods-entertainment.com/,Backwoods Entertainment,Application Systems,X,?,?,?,?,?
49.817492,15.472962,Czech Republic,badflyinteractive.com/,BadFly Interactive,?,X,X,?,?,?,?
41.87194,12.56738,Italy,badjokestudio.com/,Bad Jokes,?,X,X,?,?,?,?
,,UK,badlogicstudios.com/,Bad Logic Studios,?,X,?,?,?,?,?
51.165691,10.451526,Germany,badmonkee.de/website/#,Bad monkee,?,?,X,?,?,?,?
60.128161,18.643501,Sweden,badnorth.com/,Plausible Concept,Raw Fury,X,?,?,?,?,?
41.87194,12.56738,Italy,badseed.it/,Bad Seed,?,X,X,?,?,X,?
60.128161,18.643501,Sweden,badyolkgames.com/,Bad Yolk,?,X,?,?,?,?,?
51.919438,19.145136,Poland,bakedgames.pl/,Baked Games,?,X,X,?,?,?,?
41.87194,12.56738,Italy,balzo.eu/,Balzo,?,?,X,?,?,?,?
61.52401,105.318756,Russia,banzai.games/,Banzai Games,Nekki,?,X,?,?,?,?
61.52401,105.318756,Russia,barbed-wire.eu/,Barbed Wire Studios,?,X,?,?,?,?,?
,,UK,bareknuckledev.com/,Bare Knuckle Development,?,X,?,?,?,?,?
,,UK,baremettle.com/,Bare Mettle Entertainment,?,X,?,?,?,?,?
,,UK,barnstormgames.com/,Barnstorm Games,?,?,X,?,?,?,?
47.516231,14.550072,Austria,barsstudios.com/,BARS Studios,?,X,?,?,?,?,?
51.165691,10.451526,Germany,battlebrothersgame.com/,Overhype Studios,?,X,?,?,?,?,?
61.52401,105.318756,Russia,battlestategames.com/,Battlestate Games,?,X,?,?,?,?,?
51.165691,10.451526,Germany,beamng.gmbh/beamng-drive/,BeamNG,?,X,?,?,?,?,?
52.132633,5.291266,Netherlands,bearbitstudios.com/,Bearbit,?,X,?,?,?,?,?
51.919438,19.145136,Poland,beardedbrothers.games/,BeardedBrothers games,?,X,?,?,?,X,?
,,UK,beardenvy.co.uk/,Beard Envy,?,X,?,?,?,?,?
61.52401,105.318756,Russia,beardgames.net/,Beard Games Studio,?,X,?,?,?,?,?
61.52401,105.318756,Russia,beastsbattle.com/,Greenolor Studio,?,X,?,?,?,?,?
48.379433,31.16558,Ukraine,beatshapers.com/,Beatshapers,?,X,?,X,?,?,?
40.463667,-3.74922,Spain,beautifungames.com/group-list/games/,BeautiFun Games,?,X,X,?,?,?,?
56.26392,9.501785,Denmark,bedtime.io/,Bedtime Digital Games,?,X,X,?,?,X,?
56.879635,24.603189,Latvia,beetrootlab.com/,Beetroot lab,?,?,X,?,?,?,?
42.733883,25.48583,Bulgaria,bellealgames.com/,Belleal Games,?,X,?,?,?,?,?
51.165691,10.451526,Germany,berlingamesclub.com/,BerlinGamesClub,hOSHI,X,?,?,?,?,?
56.26392,9.501785,Denmark,betadwarf.com/,BetaDwarf Entertainment,?,X,?,?,?,X,?
60.128161,18.643501,Sweden,beyondframes.com/,Beyond Frames,?,X,?,X,X,?,?
39.074208,21.824312,Greece,beyondthosehills.com/,Beyondthosehills,?,X,X,?,?,?,?
46.227638,2.213749,France,bigbadwolf-studio.com/,Big Bad Wolf,?,X,?,?,?,X,?
,,UK,bigevilcorporation.co.uk/,Big Evil Corp,?,X,?,?,?,X,?
,,UK,bigheadgames.co.uk/,Big Head Games,?,?,X,?,?,?,?
39.399872,-8.224454,Portugal,bigmoonstudios.com/,Bigmoon Studios,?,X,X,?,?,X,?
44.016521,21.005859,Serbia,bigosaur.com/,Bigosaur,?,X,X,?,?,?,?
,,UK,bigpixelstudios.co.uk/,Big Pixel Games,?,?,X,?,?,?,?
51.165691,10.451526,Germany,bigpoint.net/,BIGPOINT,?,X,X,?,?,?,X
,,UK,bigumaku.com/,Bigumaku,?,?,X,?,?,?,?
51.165691,10.451526,Germany,binaryimpact.de/,Binary Impact,?,X,?,?,?,?,?
,,UK,binaryzoo.com/games_page/,Binary Zoo,?,X,X,?,?,?,?
46.227638,2.213749,France,bip-media.com/,BIP Media,Plug In Digital,X,?,?,?,?,?
40.463667,-3.74922,Spain,bipolardawn.wordpress.com/,Bipolar Dawn,?,X,?,?,?,?,?
,,UK,bisbog.com/,Bisbog,?,?,X,?,?,?,?
61.52401,105.318756,Russia,bit.games/,BIT.GAMES,?,X,X,?,?,?,X
51.919438,19.145136,Poland,bitgolemgames.com/,Bit Golem,?,X,?,?,?,?,?
,,UK,bitmapbureau.com/,Bitmap Bureau,?,X,?,?,?,X,?
46.151241,14.995463,Slovenia,bitmapgalaxy.com/,Bitmap Galaxy,?,?,X,?,?,?,?
47.516231,14.550072,Austria,bitsalive.com/,BitsAlive,?,X,?,?,?,X,?
51.165691,10.451526,Germany,black-forest-games.com/,Black Forest Games,?,X,?,?,?,X,?
53.41291,-8.24389,Ireland,black-shamrock.com/,Black Shamrock,?,X,?,?,?,X,?
60.128161,18.643501,Sweden,blackcurtainstudio.com/,Black Curtain Studio,?,X,X,?,?,?,?
51.919438,19.145136,Poland,blackeyegames.com/,Black Eye Games,?,X,?,?,?,?,?
60.128161,18.643501,Sweden,blackfoxstudios.se/,Blackfox Studios,Fatshark,X,?,?,?,?,?
61.52401,105.318756,Russia,blacklimestudio.ru/,Black Lime Studio,?,X,?,?,?,?,?
56.26392,9.501785,Denmark,blackmillgames.com/,Blackmill Games,?,X,?,?,?,?,?
46.227638,2.213749,France,blackmuffinstudio.com/,BlackMuffin Studio,?,X,X,?,?,?,?
51.165691,10.451526,Germany,blackpants.de/,Black Pants Studio,?,X,X,?,?,?,?
46.227638,2.213749,France,blackpotion.fr/,Black Potion,?,X,?,?,?,?,?
61.52401,105.318756,Russia,blackrat.ru/,BlackRat,?,X,?,?,?,?,?
41.87194,12.56738,Italy,blackrobotgames.com/,Black Robot Games,?,X,X,?,?,?,?
42.733883,25.48583,Bulgaria,blackseagames.com/,Black Sea Games,THQ Nordic,X,?,?,?,?,?
46.227638,2.213749,France,blacksheep-studio.com/b.index.html,Black Sheep Studio,?,X,?,?,?,?,?
61.52401,105.318756,Russia,blazesgames.ru/,Blazes Games,?,X,X,?,?,?,?
,,UK,blazinggriffin.com/,Blazing Griffin,?,X,X,?,?,?,?
46.818188,8.227512,Switzerland,blindflugstudios.com/our-games/,BlindFlug Games,?,X,X,?,?,?,?
60.472024,8.468946,Norway,blinkstudios.no/,BLINK STUDIOS,?,X,X,?,?,?,?
40.463667,-3.74922,Spain,blog.linceworks.com/,Lince Works,?,X,?,?,?,X,?
47.162494,19.503304,Hungary,blog.zenstudios.com/,Zen Studios,?,X,X,X,?,X,?
51.919438,19.145136,Poland,blooberteam.com/,Bloober Team,?,X,?,?,?,X,?
51.919438,19.145136,Poland,bloodystation.com/,BloodyStation,?,X,X,?,?,?,?
53.41291,-8.24389,Ireland,bluebear.ie/,Bluebear,?,?,X,?,?,?,?
46.151241,14.995463,Slovenia,bluebraingames.com/,Blue brain games,?,X,X,?,?,?,?
51.165691,10.451526,Germany,bluebyte.ubisoft.com/,Blue Byte,Ubisoft,X,?,?,?,X,?
51.919438,19.145136,Poland,bluesunsetgames.com/,Blue Sunset Games,?,X,X,?,?,?,?
49.817492,15.472962,Czech Republic,bohemia.net/,Bohemia Interactive,?,X,?,?,?,X,?
51.919438,19.145136,Poland,boldpixel.com/,Bold Pixel,?,X,?,?,?,?,?
56.26392,9.501785,Denmark,bolverkgames.com/,Bolverk Games,?,X,?,X,X,?,?
,,UK,boneloaf.co/,Boneloaf,Double Fine Presents,X,?,?,?,X,?
61.92411,25.748151,Finland,bongames.fi/,Bongames,?,?,X,?,?,?,?
47.516231,14.550072,Austria,bongfish.com/,Bongfish,?,?,X,?,?,?,?
51.165691,10.451526,Germany,bonuslevelentertainment.com/,Bonus Level Entertainment,EuroVideo Medien,X,?,?,?,?,?
48.379433,31.16558,Ukraine,boolatgames.com/,Boolat Games,?,X,X,?,?,?,?
,,UK,boombit.com/,Boombit,?,?,X,?,?,?,?
53.41291,-8.24389,Ireland,boon.ie/,Boon,?,?,X,?,?,?,?
51.919438,19.145136,Poland,bornluckygames.com/,Born Lucky Games,Klabater,X,X,?,?,?,?
,,UK,bossalien.com/,BossAlien,?,?,X,?,?,?,?
,,UK,bossastudios.com/,Bossa Studios ,Bossa Studios ,X,X,?,?,X,?
,,UK,boxfroggames.com/wp/,BoxFrog Games,2Awesome Studio,X,X,?,?,X,?
,,UK,brainandnerd.com/,Brain and Nerd,?,X,?,?,?,?,?
,,UK,brainbox.cc/,Brainbox cc,?,X,?,?,?,?,?
,,UK,brainseal.com/,Brain Seal,?,X,?,?,?,?,?
51.165691,10.451526,Germany,brainseed-factory.com/,Brainseed Factory,?,X,X,X,?,X,?
51.165691,10.451526,Germany,brainstonegames.com/projects,Brain Stone GmbH,?,X,?,?,?,?,?
,,UK,braveatnight.co.uk/,Brave at Night,No More Robots,X,?,?,?,?,?
44.016521,21.005859,Serbia,bravegiant.com/,Bravegiant,?,X,X,?,?,?,?
,,UK,bravocompany.io/,Bravocompany,?,?,X,?,?,?,?
45.943161,24.96676,Romania,breadcrumbsinteractive.com/,Breadcrumbs Interactive,Versus Evil,X,?,?,?,X,?
,,UK,brightrockgames.com/,Brightrock Games,?,X,?,?,?,?,?
60.128161,18.643501,Sweden,brimstone.games/,Brimstone Games,?,X,?,?,?,?,?
47.516231,14.550072,Austria,brokenrul.es/,Broken Rules,?,X,X,?,?,?,?
61.52401,105.318756,Russia,brouillard.ru/,Brouillard,?,X,X,?,?,?,?
46.227638,2.213749,France,bruteforce-games.com/,BRUTE FORCE Studio,?,X,?,?,?,?,?
52.132633,5.291266,Netherlands,bucketheadentertainment.com/,Buckethead Entertainment,?,X,?,?,?,?,?
61.52401,105.318756,Russia,bug-studio.net/,BUG-Studio,?,X,X,?,?,X,?
61.92411,25.748151,Finland,bugbeargames.com/,Bugbear Entertainment,?,X,?,?,?,X,?
61.92411,25.748151,Finland,bugbyte.fi/,Bugbyte,?,X,X,?,?,?,?
51.919438,19.145136,Poland,bulbware.com/,Bulbware,?,X,X,?,?,X,?
,,UK,bulkheadinteractive.com/,Bulkhead Interactive,Square Enix,X,?,?,?,?,?
,,UK,bulldoginteractive.com/,Bulldog Interactive,?,X,?,?,?,?,?
46.227638,2.213749,France,bulwarkstudios.com/,Bulwark Studios,Kasedo Games,X,?,?,?,?,?
51.165691,10.451526,Germany,bumblebee-games.com/,Bumblebee,?,X,?,?,?,?,?
,,UK,bumpkinbrothers.com/,The Bumpkin Brothers,?,X,?,?,?,?,?
40.463667,-3.74922,Spain,bumpytrailgames.com/,Bumpy Trail Games,?,X,?,?,?,?,?
38.963745,35.243322,Turkey,bunbogames.com/,Bunbo Games,?,?,X,?,?,?,?
48.379433,31.16558,Ukraine,bwf-game.com/ru,Black Wing Foundation,?,X,X,?,?,?,?
51.919438,19.145136,Poland,byssmobile.com/,Byss mobile,?,?,X,?,?,?,?
51.165691,10.451526,Germany,byterockers.games/en,ByteRockers,?,X,X,?,?,?,?
51.165691,10.451526,Germany,bytro.com/,Bytro Labs,?,?,X,?,?,?,?
49.817492,15.472962,Czech Republic,cableekgames.com/,Cableek games,?,?,X,?,?,?,?
51.165691,10.451526,Germany,caipirinhagames.com/,Caipirinha games,?,X,?,?,?,?,?
,,UK,caiysware.com/,Caiysware,?,X,?,?,?,?,?
46.227638,2.213749,France,calepinstudio.com/,Calepin Studio,?,X,?,?,?,?,?
,,UK,callyscaves.com/,VDO Games,?,X,?,?,?,?,?
39.399872,-8.224454,Portugal,camel101.com/wp/,Camel 101,?,X,?,?,?,X,?
,,UK,capeguy.dev/,Cape Guy,?,X,X,?,?,?,?
51.919438,19.145136,Poland,carbonstudio.pl/,Carbon Studio,?,X,?,X,X,?,?
,,UK,cardboardsword.co.uk/,Cardboard Sword,?,X,?,?,?,?,?
61.52401,105.318756,Russia,carx-online.com/ru/,CarX Technologies,?,X,X,?,?,?,?
,,UK,casual-arts.com/,Casual Arts,?,X,?,?,?,?,X
,,UK,casualbrothers.com/cb/,Casual Brothers,?,X,X,?,?,X,?
51.919438,19.145136,Poland,cat-astrophe-games.com/,Cat astrophe games,?,X,?,?,?,?,?
60.128161,18.643501,Sweden,catalope.co/,Catalope Games,?,X,?,?,?,?,?
50.503887,4.469936,Belgium,catlab.eu/,CatLab Interactive,?,X,X,?,?,?,X
61.92411,25.748151,Finland,catland.studio/,Catland studio,?,X,?,?,?,?,?
40.463667,-3.74922,Spain,catnessgames.com/,Catness Game Studios,?,X,?,?,?,?,?
61.52401,105.318756,Russia,catswhoplay.com/new/index.php/ru/,Cats who play,?,X,X,?,?,?,?
,,UK,cavaliergamestudios.co.uk/,Cavalier Game Studios,?,X,?,?,?,?,?
49.817492,15.472962,Czech Republic,cbe-software.com/,CBE software,?,X,X,?,?,?,?
46.227638,2.213749,France,cccp.fr/,CCCP,?,X,X,?,?,?,?
64.963051,-19.020835,Iceland,ccpgames.com/,CCP Games,?,X,X,?,?,X,?
46.227638,2.213749,France,celsius-online.com/,Celsius Online,?,?,X,?,?,?,?
,,UK,chameleongames.com/,Chameleon Games,?,X,?,?,?,?,?
51.919438,19.145136,Poland,chaosforge.org/,Chaosforge,?,X,?,?,?,?,?
49.817492,15.472962,Czech Republic,chargedmonkey.com/,Charged monkey,?,?,X,?,?,?,?
49.817492,15.472962,Czech Republic,charlesgames.net/,Charles Games,?,X,X,?,?,?,?
48.379433,31.16558,Ukraine,charstudio.com/en/,CharStudio,?,?,X,?,?,?,?
51.165691,10.451526,Germany,chasing-carrots.com/,Chasing Carrots,?,X,?,?,?,?,?
38.963745,35.243322,Turkey,chef.gs/,CHEF Game Studio,?,?,X,?,?,?,?
51.919438,19.145136,Poland,cherrypickgames.com/,Cherrypick Games,?,?,X,?,?,?,?
,,UK,cherrypopgames.com/,Cherry Pop Games,?,X,?,X,?,X,?
40.463667,-3.74922,Spain,chibig.com/games/,Chibig,101xp,X,X,?,?,X,?
51.165691,10.451526,Germany,chimera-entertainment.de/index.html,Chimera Entertainment,?,X,X,?,?,?,?
52.132633,5.291266,Netherlands,chimpworksgames.com/,Chimpworks,?,?,X,?,?,?,?
41.87194,12.56738,Italy,chubbypixel.com/,Chubby Pixel,?,X,X,X,?,X,?
,,UK,chucklefish.org/,Chucklefish,Chucklefish,X,?,?,?,?,?
51.919438,19.145136,Poland,cigames.com/en/,CI Games,?,X,X,?,?,X,?
49.817492,15.472962,Czech Republic,cinemax.cz/,CINEMAX,?,X,X,?,?,X,?
51.165691,10.451526,Germany,cipsoft.com/index.php/en/,CipSoft,?,?,X,?,?,?,?
61.52401,105.318756,Russia,clarusvictoria.com/,Clarus Victoria,?,X,X,?,?,?,?
51.919438,19.145136,Poland,cleversan.com/,Cleversan Software,?,X,?,?,?,?,?
60.128161,18.643501,Sweden,clifftopgames.com/,Clifftop Games,?,?,X,?,?,?,?
,,UK,climaxstudios.com/,Climax Studios,?,X,X,?,?,?,?
51.919438,19.145136,Poland,climou.com/?p=25-haxor,Climou,No Gravity Games,X,?,?,?,?,?
47.516231,14.550072,Austria,clockstone.com/wp/,Clock Stone,?,X,X,?,?,X,?
51.165691,10.451526,Germany,clockwork-origins.com/,Clockwork Origins,?,X,?,?,?,?,?
,,UK,cloudthewolf.com/,CloudTheWolf,?,X,?,?,?,?,?
51.165691,10.451526,Germany,cluetivity.com/,Life Action Games GmbH,?,?,X,?,?,?,?
51.919438,19.145136,Poland,coalvalleygames.com/,Coal Valley Games,?,X,?,?,?,?,?
60.128161,18.643501,Sweden,coastalbyte.com/,Coastalbyte Games,Coffee Stain Publishing,X,?,X,X,?,?
,,UK,coatsink.com/,Coatsink,?,X,?,X,?,?,?
52.132633,5.291266,Netherlands,codalyn.com/,Codalyn,?,X,?,?,?,?,?
,,UK,codebyfire.com/,Codebyfire,Mode 7,X,?,?,?,?,?
52.132633,5.291266,Netherlands,codeglue.com/,Codeglue,?,X,X,?,?,?,?
51.919438,19.145136,Poland,codehorizon.pl/,The Code Horizon,PlayWay S.A.,X,?,?,?,X,?
,,UK,codemasters.com/,Codemasters,Codemasters,X,X,?,?,X,?
51.165691,10.451526,Germany,codingmonkeys.de/,The Coding Monkeys,?,?,X,?,?,?,?
44.016521,21.005859,Serbia,cofagames.com/,Cofa games,?,?,X,?,?,?,?
61.52401,105.318756,Russia,coffeecatgames.com/,Coffee Cat Games,Black Tower Entertainment,X,?,?,?,?,?
60.128161,18.643501,Sweden,coffeestainstudios.com/,Coffee Stain Studios,Coffee Stain Publishing,X,?,?,?,?,?
60.128161,18.643501,Sweden,coilworks.se/,Coilworks,?,X,?,?,?,?,?
51.165691,10.451526,Germany,coldcomfortgame.com/,Cold Comfort,?,X,?,?,?,?,?
56.879635,24.603189,Latvia,coldwild.com/,Coldwild Games,?,X,X,?,?,?,?
,,UK,colepowered.com/,ColePowered Games Ltd,?,X,X,?,?,?,?
61.92411,25.748151,Finland,colossalorder.fi/,Colossal Order,Paradox Interactive,X,?,?,?,?,?
51.165691,10.451526,Germany,com8com1.com/,Com8com1,?,X,?,?,?,X,?
61.52401,105.318756,Russia,comongames.ru/,ComonGames,META Publishing,X,?,X,?,?,?
61.52401,105.318756,Russia,company.alawar.com/,Alawar     ,Alawar,X,X,?,?,X,?
42.733883,25.48583,Bulgaria,company.gamedesire.com/,Ganymede Technologies,?,?,X,?,?,?,?
61.52401,105.318756,Russia,company.nevosoft.ru/,Nevosoft,?,?,X,?,?,?,?
46.227638,2.213749,France,concretegames.xyz/,Concrete Games,?,X,?,?,?,?,?
56.26392,9.501785,Denmark,contecgames.com/,Contec Games ,?,X,?,?,?,?,?
52.132633,5.291266,Netherlands,convoy-games.com/,Convoy Games,?,X,?,?,?,?,?
40.143105,47.576927,Azerbaijan,cool-bears.com/index.html,Cool Bears,?,X,X,X,?,?,?
52.132633,5.291266,Netherlands,coolgames.com/,Cool Games,?,X,X,?,?,?,X
,,UK,coopinnovations.co.uk/,Cooperative Innovations,?,X,?,X,X,?,?
,,UK,cooply.com/,Cooply Solutions,?,X,X,?,?,X,?
61.92411,25.748151,Finland,cornfox.com/,Cornfox & Brothers,?,X,X,?,?,X,?
,,UK,cornutopia.co.uk/cornutopia/,Cornutopia Software,?,X,?,?,?,?,?
56.26392,9.501785,Denmark,corporate.moviestarplanet.com/,MovieStarPlanet,?,?,X,?,?,?,?
61.52401,105.318756,Russia,corpwebgames.com/,WebGames,?,X,X,?,?,?,?
60.128161,18.643501,Sweden,cortopia.com/,Cortopia Studios,?,X,?,X,X,?,?
,,UK,cosmonautstudios.co.uk/,Cosmonaut Studios,?,X,?,?,?,?,?
60.128161,18.643501,Sweden,crackshell.dk/,Crackshell,?,X,?,?,?,?,?
51.165691,10.451526,Germany,craftinglegends.com/,Crafting Legends,?,X,?,?,?,?,?
49.817492,15.472962,Czech Republic,craneballs.com/,Craneballs,?,X,X,?,?,?,?
,,UK,cranktrain.com/the-eldritch-zookeeper/,Matt Luard,?,X,?,?,?,?,?
,,UK,crashlab.co.uk/,Crash Lab,?,?,X,?,?,?,?
51.165691,10.451526,Germany,crazybunch.biz/,CrazyBunch,?,X,?,X,?,?,?
46.227638,2.213749,France,crazykraken.eu/en/home/,Crazy Kraken Studio,Plug In Digital,X,?,?,?,?,?
50.503887,4.469936,Belgium,crazymonkeystudios.com/,Crazy Monkey Studios,?,X,?,?,?,?,?
61.52401,105.318756,Russia,crazypanda.ru/ru/,Crazy Panda,?,?,X,?,?,?,?
61.52401,105.318756,Russia,crazypandagames.com/en/,Crazy Panda Games,?,?,X,?,?,?,?
38.963745,35.243322,Turkey,creasaur.net/,CreaSaur,?,?,X,?,?,?,?
,,UK,creative-assembly.com/,Creative Assembly,Sega,X,?,?,?,X,?
58.595272,25.013607,Estonia,creative-mobile.com/,Creative Mobile,?,?,X,?,?,?,?
51.919438,19.145136,Poland,creativeforge.pl/,CreativeForge Games,?,X,?,?,?,?,?
40.463667,-3.74922,Spain,crema.gg/,Crema,?,X,?,?,?,X,?
48.379433,31.16558,Ukraine,creoteam.com/,Creoteam,?,X,?,?,?,?,?
,,UK,criteriongames.com/,Criterion Games,Electronic Arts,X,?,?,?,X,?
52.132633,5.291266,Netherlands,critical-bit.com/,Critical Bit,?,X,X,?,?,?,?
61.92411,25.748151,Finland,criticalcharm.com/,Critical Charm,?,X,?,X,X,?,?
61.92411,25.748151,Finland,criticalforce.fi/,Critical Force Entertainment,?,?,X,?,?,?,?
45.943161,24.96676,Romania,critique-gaming.com/,Critique Gaming,Mixtvision,X,?,?,?,?,?
39.399872,-8.224454,Portugal,crossinganswers.com/#/,Crossing answers,?,X,?,?,?,X,?
51.919438,19.145136,Poland,crossroadsinngame.com/en/kraken-unleashed-studio-2/,Kraken Unleashed,Klabater,X,?,?,?,?,?
45.1,15.2,Croatia,croteam.com/,Croteam,Devolver Digital,X,?,X,?,?,?
46.818188,8.227512,Switzerland,crownadam.com/apps_games_de.html,Crown Adam,?,X,X,?,?,?,?
51.165691,10.451526,Germany,crowscrowscrows.com/,Crows Crows Crows,?,X,X,X,?,X,?
51.165691,10.451526,Germany,crunchyleafgames.com/,Crunchy Leaf Games,?,X,?,?,?,?,?
52.132633,5.291266,Netherlands,crystalshard.net/,Crystal Shard Games,?,X,?,?,?,?,?
51.165691,10.451526,Germany,crytek.com/,Crytek,?,X,?,?,?,X,?
56.879635,24.603189,Latvia,cult.software/,Cult Software,?,X,?,?,?,?,?
46.227638,2.213749,France,cyanide-studio.com/home,Cyanide Studio,?,X,?,?,?,X,?
41.87194,12.56738,Italy,cybercoconut.com/,Cyber Coconut,?,X,X,?,?,?,?
38.963745,35.243322,Turkey,cyberless.cf/?i=1,Team Cyberless,?,X,?,?,?,?,?
49.817492,15.472962,Czech Republic,cybernautica.cz/,Cybernautica,?,?,X,?,?,?,?
50.503887,4.469936,Belgium,cyberneticwalrus.com/,Cybernetic Walrus,Iceberg Interactive,X,?,?,?,X,?
40.463667,-3.74922,Spain,cybernetikdesign.com/,Cybernetik Design,?,X,?,?,?,?,?
61.52401,105.318756,Russia,cybertime-games.ru/,Cybertime Games,?,X,?,?,?,?,?
60.472024,8.468946,Norway,cyclonestudios.co.uk/,CycloneStudios,?,X,?,?,?,?,?
51.165691,10.451526,Germany,cypest.net/,Gravitation Art,?,X,?,?,?,?,?
46.151241,14.995463,Slovenia,cypronia.com/,Cypronia,?,X,X,?,?,X,?
49.817492,15.472962,Czech Republic,czechgames.com/,CGE Digital,?,X,?,?,?,?,?
51.165691,10.451526,Germany,daedalic.com/,Daedalic Entertainment,Daedalic Entertainment,X,X,?,?,X,?
61.52401,105.318756,Russia,dailymagic.info/,Daily Magic Productions,?,X,X,?,?,?,?
51.919438,19.145136,Poland,dali.games/,Dali Games,?,X,X,?,?,?,?
,,UK,dampgnat.com/,Damp Gnat,?,X,X,?,?,?,?
,,UK,dansmithstudios.com/,Dan Smith Studios,Ripstone,X,?,?,?,X,?
46.227638,2.213749,France,darewise.com/,Darewise Entertainment,?,X,?,?,?,?,?
,,Macedonia,dark-1.com/,Dark-1,?,X,?,?,?,?,?
61.52401,105.318756,Russia,darkcrystalgames.com/,Dark Crystal Games,Black Tower Entertainment,X,?,?,?,?,?
46.227638,2.213749,France,darkdevotion.fr/,Hibernian Workshop,?,X,?,?,?,?,?
,,UK,darkduogames.co.uk/,Dark Duo Games,?,X,?,?,?,X,?
,,UK,darklingroom.co.uk/,Darkling Room,?,X,?,?,?,?,?
,,UK,darknight-studio.co.uk/,DarkNight-Studio,?,X,?,?,?,?,?
,,UK,datcroft.com/,Datcroft,?,X,X,?,?,?,X
,,UK,davekki.com/,D'Avekki Studios,?,X,?,?,?,?,?
46.151241,14.995463,Slovenia,dawnofplay.com/,Dawn of Play,?,?,X,?,?,?,?
61.92411,25.748151,Finland,dazzle.rocks/,Dazzle rocks,?,?,X,?,?,?,?
47.162494,19.503304,Hungary,deadhunters.com/,Profondium Games,?,X,?,?,?,?,?
,,UK,deadpangames.com/,Deadpan Games,The Yogscast,X,?,?,?,X,?
60.128161,18.643501,Sweden,deadtoast.com/,DeadToast Entertainment,Devolver Digital,X,?,?,?,?,?
51.165691,10.451526,Germany,deathball.net/supragames/,SupraGames,?,X,?,?,?,?,?
,,UK,deceptive-games.com/,Deceptive Games,?,X,X,X,?,?,?
51.165691,10.451526,Germany,deck13.com/,Deck13 Interactive,?,X,?,?,?,X,?
40.463667,-3.74922,Spain,deconstructeam.tumblr.com/games,Deconstruction team,Devolver Digital,X,?,?,?,?,X
51.919438,19.145136,Poland,degenerals.com/,DeGenerals,PlayWay S.A.,X,?,?,?,?,?
46.227638,2.213749,France,deimos.games/,Deimos Games Development,?,X,?,?,?,?,?
,,UK,delveinteractive.com/,Delve Interactive,?,X,X,?,?,X,?
,,UK,denki.co.uk/,Denki,Curve Digital,X,?,?,?,X,?
61.52401,105.318756,Russia,deqaf.com/,DeqafStudio,?,X,X,?,?,?,?
,,UK,desktopdaydreams.com/,Desktop Daydreams,?,X,X,?,?,?,?
46.227638,2.213749,France,destenebres.com/,Le Studio des Ténèbres,?,X,X,?,?,?,?
51.919438,19.145136,Poland,destructivecreations.pl/,Destructive Creations,Destructive Creations,X,?,?,?,X,?
51.165691,10.451526,Germany,detach-entertainment.com/,Detach Entertainment,?,X,?,?,?,?,?
61.52401,105.318756,Russia,deuscraft.com/,Deus Craft,?,?,X,?,?,?,?
51.165691,10.451526,Germany,dev-zoo.net/,Developers Zoo,?,X,?,?,?,?,?
51.919438,19.145136,Poland,dev4play.com/,Dev4play,No Gravity Games,X,X,?,?,?,?
46.227638,2.213749,France,devalley-entertainment.com/,DEVALLEY STUDIO,?,X,X,?,?,?,?
40.463667,-3.74922,Spain,devilishgames.com/en/games/,Devilish games,?,X,X,?,?,X,?
45.943161,24.96676,Romania,devioustech.com/,Devious Technologies,?,X,?,X,?,?,?
60.128161,18.643501,Sweden,devm-games.com/,Devm-Games,?,X,X,?,?,X,?
48.019573,66.923684,Kazakhstan,dg-company.com/,DreamGate,?,X,X,?,?,?,X
60.128161,18.643501,Sweden,diabotical.com/,The GD Studio,?,X,?,?,?,?,?
,,UK,diamondbrickout.com/,Takeover Interactive,?,?,X,?,?,?,?
60.128161,18.643501,Sweden,dice.se/,Dice,Electronic Arts,X,?,?,?,X,?
61.92411,25.748151,Finland,dienogames.com/,Dieno games,?,?,X,?,?,?,?
51.919438,19.145136,Poland,differenttales.com/,Different Tales,Walkabout,X,X,?,?,X,?
51.165691,10.451526,Germany,digidiced.com/,DIGIDICED,?,X,X,?,?,?,?
44.016521,21.005859,Serbia,digital-arrow.com/,Digital arrow,THQ Nordic,X,?,?,?,?,?
40.463667,-3.74922,Spain,digital-legends.com/games.html,Digital Legends,?,?,X,?,?,?,?
61.52401,105.318756,Russia,digitalcombatsimulator.com/ru/,Eagle Dynamics,?,X,?,?,?,?,?
,,UK,digitalcybercherries.com/,Digital Cybercherries,?,X,?,X,?,?,?
52.132633,5.291266,Netherlands,digitaldreamsgames.com/,Digital Dreams,?,X,?,?,?,?,?
51.919438,19.145136,Poland,digitalmelody.eu/,Digital Melody,Forever Entertainment,X,X,?,?,X,?
51.165691,10.451526,Germany,digitalmindsoft.eu/,Digitalmindsoft,?,X,?,?,?,?,?
40.463667,-3.74922,Spain,digitalsungames.com/#games,Digital Sun Games ,11 bit studios,X,?,?,?,?,?
53.41291,-8.24389,Ireland,digitgaming.com/,Digit Game Studios,?,?,X,?,?,?,?
46.227638,2.213749,France,digixart.com/,Digixart Entertainment,?,X,X,?,?,X,?
60.128161,18.643501,Sweden,dimfroststudio.com/,Dimfrost Studios,?,X,?,X,X,?,?
,,UK,dinoboss.com/,Dino Boss,?,?,X,?,?,?,?
60.472024,8.468946,Norway,dirtybit.com/,Dirtybit,?,?,X,?,?,?,?
,,UK,distantlantern.com/,Distant Lantern,?,X,?,?,?,?,?
,,UK,distinctivegames.com/,Distinctive Developments,?,?,X,?,?,?,?
40.463667,-3.74922,Spain,divertap.com/,Divertap,?,?,X,?,?,?,?
,,UK,dlalastudios.com/,Dlala Studios,?,X,?,?,?,X,?
,,UK,dlsoftworks.com/,DL Softworks,The Digital Puzzle Company,X,?,?,?,?,?
61.52401,105.318756,Russia,dnovel.com/,Dnovel,?,X,?,?,?,?,?
39.399872,-8.224454,Portugal,dobsware.com/,Dobsware,?,?,X,?,?,?,?
61.92411,25.748151,Finland,dodreams.com/,Dodreams,?,?,X,?,?,?,?
46.227638,2.213749,France,dont-nod.com/en/,DONTNOD,?,X,?,?,?,X,?
51.919438,19.145136,Poland,dontbitedevs.com/,Don't Bite Devs,No Gravity Games,X,?,?,?,?,?
60.128161,18.643501,Sweden,doomsterentertainment.com/,Doomster Entertainment,?,X,?,X,?,X,?
47.516231,14.550072,Austria,doorfortyfour.com/,Door Forty Four,?,X,?,?,?,?,?
35.937496,14.375416,Malta,doradogames.com/,Dorado Games,?,X,?,?,?,?,X
,,UK,dorisandthedragon.com/,Arrogant Pixel,?,X,X,?,?,?,?
46.227638,2.213749,France,dotemu.com/,DotEmu,DotEmu,X,X,?,?,?,?
,,UK,double11.com/,Double Eleven,Double Eleven,X,X,?,?,X,?
52.132633,5.291266,Netherlands,doubledutchgames.com/,DoubleDutch Games,tinyBuild,X,?,?,?,X,?
46.151241,14.995463,Slovenia,doublequotestudio.com/,Doublequote Studio,?,X,?,?,?,?,?
,,UK,dovetailgames.com/,Dovetail Games,?,X,?,?,?,?,?
60.472024,8.468946,Norway,dpadstudio.com/index.html,D-Pad Studio,?,X,X,?,?,X,?
51.919438,19.145136,Poland,drageusgames.com/,Drageus Games,?,X,?,?,?,X,?
51.919438,19.145136,Poland,drago-entertainment.com/,Drago Entertainment,Movie Games S.A.,X,?,?,?,?,?
60.472024,8.468946,Norway,dragonbox.com/,Dragonbox,?,?,X,?,?,?,?
40.463667,-3.74922,Spain,drakharstudio.com/,Drakhar Studio,BadLand Publishing,X,X,?,?,X,?
41.87194,12.56738,Italy,drakkardev.com/,Drakkar Dev,?,X,X,?,?,?,?
51.919438,19.145136,Poland,drawdistance.dev/,Draw Distance,?,X,?,?,?,X,?
61.52401,105.318756,Russia,dream-side.com/,Dreamside Interactive,?,X,?,?,?,?,?
61.92411,25.748151,Finland,dreamloop.net/,Dreamloop Games,?,X,?,?,?,X,?
40.463667,-3.74922,Spain,dreamssoftgames.com/,DreamsSoftGames,?,X,?,?,?,?,?
42.733883,25.48583,Bulgaria,dreamteck.io/,Dreamtek,?,X,X,?,?,?,?
61.52401,105.318756,Russia,drmedont.wixsite.com/toyman,Toyman Interactive,Buka Entertainment,X,X,?,?,?,?
41.87194,12.56738,Italy,dtales.it/,Digital Tales,?,?,X,?,?,?,?
51.919438,19.145136,Poland,dualitygames.eu/,Duality Games,?,X,?,?,?,?,?
46.227638,2.213749,France,dualthegame.com/en/,Novaquark,?,X,?,?,?,?,?
61.52401,105.318756,Russia,ducats-games.com/ru/,DuCats Games,?,X,?,?,?,?,?
51.165691,10.451526,Germany,ducks-on-the-water.com/,Ducks on the Water,?,?,X,?,?,?,?
38.963745,35.243322,Turkey,duellogames.com/,Duello Iletisim Hizmetleri,?,?,X,?,?,?,?
51.165691,10.451526,Germany,dustwind.com/,Dustwind Studios,Z-Software,X,?,?,?,?,?
47.516231,14.550072,Austria,dyadicgames.com/,Dyadic Games,?,X,?,?,?,?,?
40.463667,-3.74922,Spain,dyagames.com/,DYA Games,?,X,?,?,?,X,?
61.52401,105.318756,Russia,dynamicpixels.com/home,Dynamic Pixels,?,X,?,?,?,?,?
60.128161,18.643501,Sweden,ea.com/studios/ghost-games,Ghost Games ,Electronic Arts,X,?,?,?,?,?
,,UK,eageramoeba.co.uk/,Eager Amoeba,?,X,?,?,?,?,?
,,UK,eagleislandgame.com/,PixelCount Studios,Screenwave Media,X,?,?,?,X,?
,,UK,earthboundgames.com/,Earthbound Games,?,X,?,?,?,?,?
60.128161,18.643501,Sweden,easytrigger.com/,Easy Trigger Games,Coffee Stain Publishing,X,?,?,?,?,?
60.128161,18.643501,Sweden,eatcreatesleep.net/,Eat Create Sleep,?,X,?,?,?,?,?
46.227638,2.213749,France,ebim-studio.com/,Ebim Studio,Plug In Digital,X,?,?,?,?,?
51.919438,19.145136,Poland,eccgames.pl/,ECC GAMES S.A.,?,X,?,?,?,?,?
46.227638,2.213749,France,edengames.com/,Eden Games,?,X,X,?,?,X,?
46.227638,2.213749,France,ediogames.com/en/home/index,Ediogames,?,X,X,?,?,?,?
60.128161,18.643501,Sweden,eeldev.com/,Dry Eel Development,?,X,?,?,?,?,?
51.165691,10.451526,Germany,egosoft.com/,Egosoft,?,X,?,?,?,?,?
61.52401,105.318756,Russia,eidemiurge.itch.io/eidolons,Wyrmring,?,X,?,?,?,?,?
,,UK,eightpixelssquare.com/,EightPixelsSquare,?,?,X,?,?,?,?
,,UK,eightyeightgames.com/,EightyEight Games,?,?,X,?,?,?,?
44.016521,21.005859,Serbia,eipix.com/,Eipix,?,X,X,X,?,?,?
51.919438,19.145136,Poland,ejr.com.pl/ejr/intro.php,EJRGames,?,X,?,X,?,?,?
46.227638,2.213749,France,ekosystem.com/,Ekosystem,?,X,?,?,?,X,?
60.128161,18.643501,Sweden,eldenpixels.com/,Elden Pixels,?,X,?,?,?,?,?
47.162494,19.503304,Hungary,eldgames.com/,Elder Games,Headup,X,?,?,?,?,?
60.128161,18.643501,Sweden,eldring.se/,Eldring Games,?,?,X,?,?,?,?
,,UK,electricsquare.com/,Electric Square,?,X,X,?,?,?,?
,,UK,electronstudio.co.uk/,Electron Studio,?,X,?,?,?,?,?
61.52401,105.318756,Russia,elephant-games.com/,Elephant Games,Big Fish Games,X,X,?,?,?,?
41.87194,12.56738,Italy,elfgames.com/,Elf Game Works,?,X,?,?,?,?,?
61.52401,105.318756,Russia,elladagames.com/,Ellada Games,?,X,?,?,?,X,?
61.52401,105.318756,Russia,elmarion.ru/,Elmarion,?,X,?,?,?,?,?
61.52401,105.318756,Russia,elvista.net/,Elvista Media Solutions,?,?,X,?,?,?,?
61.52401,105.318756,Russia,emallstudio.com/,EM ALL Studio,?,?,X,?,?,?,?
46.151241,14.995463,Slovenia,emberheartgames.com/,Emberheart Games,?,X,?,?,?,?,?
58.595272,25.013607,Estonia,empiresinruins.com/,Hammer&Ravens,?,X,?,?,?,?,?
51.919438,19.145136,Poland,empyrean.games/,Empyrean games,?,X,?,X,?,?,?
49.817492,15.472962,Czech Republic,en.dreadlocks.cz/,Dreadlocks,?,X,X,?,?,?,?
60.472024,8.468946,Norway,encirclegames.com/,Encircle Games,?,X,?,?,?,?,?
48.379433,31.16558,Ukraine,eng.bestway.com.ua/,Best Way,1C,X,?,?,?,?,?
52.132633,5.291266,Netherlands,engine-software.com/,Engine Software,?,X,X,?,?,X,?
61.52401,105.318756,Russia,enplexgames.com/#about,Enplex Games,?,X,?,?,?,?,?
44.016521,21.005859,Serbia,entertainmentforge.com/,Entertainment Forge,GrabTheGames,X,?,?,?,?,?
51.165691,10.451526,Germany,entwickler-x.de/,EntwicklerX,?,X,X,?,?,X,?
40.463667,-3.74922,Spain,epgames.eu/,EP Games,?,X,X,X,?,X,?
45.943161,24.96676,Romania,erepubliklabs.com/,Erepubliklabs,?,?,X,?,?,?,?
46.227638,2.213749,France,eugensystems.com/,Eugen Systems,?,X,?,?,?,?,?
39.074208,21.824312,Greece,evdaimon.com/,Evdaimon Games,?,X,X,?,?,?,X
51.919438,19.145136,Poland,evehor.com/,Event Horizon,?,X,?,?,?,X,?
61.52401,105.318756,Russia,evilcg.com/,Evil Corporation Games,?,X,?,?,?,?,?
61.52401,105.318756,Russia,evilgamesstudios.wixsite.com/stalin,Electro Stalin Entertainment,?,X,?,?,?,?,?
51.919438,19.145136,Poland,evilindiegames.com/,Evil Indie Games,?,X,X,?,?,?,?
45.943161,24.96676,Romania,evilstarstudios.com/home,EvilStar Studios,?,X,?,?,?,?,?
,,UK,eviltwinartworks.com/,Evil Twin Artworks,?,X,X,?,?,?,?
,,UK,evilvideogames.com/,EVIL GAMES,?,X,?,?,?,?,?
61.52401,105.318756,Russia,evolutastudio.com/ru/,Evoluta Studio,?,X,X,?,?,?,?
52.132633,5.291266,Netherlands,excalisoft.com/,Excalisoft,?,?,X,?,?,?,?
,,Macedonia,excubitorgame.com/?fbclid=IwAR0lKHVQNHnjWM-1_OpTm6OMUFJ2bwLp6CnDYpR5ExtGPtU6giOWdGJ9EdQ,Tesseract Interactive,Kasedo Games,X,?,?,?,?,?
,,UK,executiveassault.com/ea1/,Hesketh Games,?,X,?,?,?,?,?
50.503887,4.469936,Belgium,exiin.com/,EXiin,?,X,X,?,?,?,?
45.1,15.2,Croatia,exordiumgames.com/,Exordium games,?,X,X,?,?,X,?
51.919438,19.145136,Poland,exorstudios.com/,EXOR Studios,?,X,?,?,?,?,?
60.128161,18.643501,Sweden,expansiveworlds.com/,Expansive Worlds,?,X,?,?,?,?,?
46.227638,2.213749,France,expatpixel.games/,Expat Pixel Games,?,X,?,?,?,?,?
60.128161,18.643501,Sweden,experiment101.com/,Experiment 101,THQ Nordic,X,?,?,?,X,?
,,UK,extendmode.com/,Extend Mode,?,X,?,?,?,?,?
,,UK,fabrikgames.com/,Fabrik Games,?,X,?,X,?,?,?
45.943161,24.96676,Romania,facebook.com/88mmGames,88mm Games,?,X,X,?,?,?,?
40.143105,47.576927,Azerbaijan,facebook.com/badbuttonstudio/,Bad Button Studio,?,X,X,?,?,?,?
41.87194,12.56738,Italy,facebook.com/BadVicesGames/?ref=py_c,Bad Vices Games,Valkyrie Initiative,X,?,?,?,?,?
50.503887,4.469936,Belgium,facebook.com/blacklandgames/,Black Land Studio,?,X,?,?,?,?,?
61.52401,105.318756,Russia,facebook.com/BlazingPlanetStudio/,Blazing Planet Studio,?,X,X,?,?,?,?
45.943161,24.96676,Romania,facebook.com/bossgard/,Sand Sailor Studio,?,X,?,?,?,?,?
42.733883,25.48583,Bulgaria,facebook.com/EpicDevs/,Epic Devs,Assemble Entertainment,X,X,?,?,?,?
,,Moldavia,facebook.com/evogamesllc/,Standard EVO Games,?,X,?,?,?,?,?
61.52401,105.318756,Russia,facebook.com/FirstGamesInteractive/,First Games Interactive,?,X,?,?,?,?,?
47.162494,19.503304,Hungary,facebook.com/ForeverYoungGames/,Forever Young Games,?,X,?,?,?,?,?
,,UK,facebook.com/FossettGaming/,FossettGaming,?,X,?,?,?,?,?
44.016521,21.005859,Serbia,facebook.com/friskyfatal/,Frisky Fatal Games,Meridean 4,X,?,?,?,?,?
61.52401,105.318756,Russia,facebook.com/FurGoldGames/,FurGoldGames,?,X,?,?,?,?,?
38.963745,35.243322,Turkey,facebook.com/G.TechAtolye/,G-Tech Atolye,?,X,?,?,?,?,?
51.919438,19.145136,Poland,facebook.com/GameDevWI/,Winged Imagination,?,X,?,?,?,?,?
51.919438,19.145136,Poland,facebook.com/Hamstercube/,Hamstercube,?,X,?,?,?,?,?
61.52401,105.318756,Russia,facebook.com/HeavenBrotherhood/,HeavenBrotherhood,?,X,?,?,?,?,?
61.52401,105.318756,Russia,facebook.com/hgg.indie.5,Hardcore Game Gear Indie,?,X,?,?,?,?,?
45.1,15.2,Croatia,facebook.com/Just1337-1640570739530549/,Just1337 Studio,?,X,?,?,?,?,?
51.919438,19.145136,Poland,facebook.com/koderasoftware/,Kodera Software,?,X,?,?,?,?,?
51.165691,10.451526,Germany,facebook.com/Kubifaktorium/,MirkoStudio Games,?,X,?,?,?,?,?
51.919438,19.145136,Poland,facebook.com/Kuklam-studios-162018707749220/,Kuklam studios,?,X,?,?,?,?,?
,,UK,facebook.com/LighthouseGames/,Lighthouse Games Studio,?,X,X,?,?,?,?
56.26392,9.501785,Denmark,facebook.com/lizardfactorygames/,The Lizard Factory,?,X,?,?,?,?,?
51.919438,19.145136,Poland,facebook.com/MasterCode-2096291623793928/,MasterCode,Ultimate Games S.A.,X,?,?,?,?,?
38.963745,35.243322,Turkey,facebook.com/mehangames/,Mehan Games,?,X,?,?,?,?,?
46.818188,8.227512,Switzerland,facebook.com/myoubouh.corp/,Myoubouh Corp,?,X,?,?,?,?,?
48.379433,31.16558,Ukraine,facebook.com/pages/category/Video-Game/Cheeki-Breeki-Games-269290120672755/,Cheeki Breeki Games,?,X,?,?,?,?,?
48.379433,31.16558,Ukraine,facebook.com/pirate.parrot.software,Pirate Parrot,?,X,X,?,?,?,?
,,UK,facebook.com/ProjectorGames/,ProjectorGames,?,X,?,?,?,?,?
38.963745,35.243322,Turkey,facebook.com/proximitygames/,Proksimiti Games,?,X,?,?,?,?,?
,,UK,facebook.com/pugwaredev/,Pugware,?,X,?,?,?,?,?
40.463667,-3.74922,Spain,facebook.com/PyroMobileGames/,Pyro Studios,Kalypso Media Digital,X,X,?,?,?,?
51.165691,10.451526,Germany,facebook.com/RawVengeanceGames/,Raw Vengeance Games,?,X,?,?,?,?,?
48.379433,31.16558,Ukraine,facebook.com/secondrealitystudio/,Second Reality Official,?,X,X,?,?,?,?
51.919438,19.145136,Poland,facebook.com/shockwork/,Shockwork Games,No Gravity Games,X,?,?,?,?,?
61.52401,105.318756,Russia,facebook.com/snakescape/,Rock Path Collective,Hase Games,X,?,?,?,?,?
51.919438,19.145136,Poland,facebook.com/solid9studio/,Solid9 Studio,?,X,?,?,?,?,?
61.52401,105.318756,Russia,facebook.com/supervoidgames/,SUPERVOID,?,X,X,?,?,?,?
61.52401,105.318756,Russia,facebook.com/tauronglyph/?ref=bookmarks,Tauron Glyph,?,X,?,?,?,?,?
61.52401,105.318756,Russia,facebook.com/theBratansInc/,The Bratans Inc.,?,X,?,?,?,?,?
51.919438,19.145136,Poland,facebook.com/TheMoonwalls/,The Moonwalls,?,X,?,?,?,X,?
